id,supplier_nk,name,country,region,sustainability_rating,renewable_energy_pct,zero_waste_certified,valid_from,valid_to,is_current
1,1,Ryan PLC,MEXICO,AMERICA,D,16.63,TRUE,2023-01-01,2024-01-01,FALSE
2,1,George Group,VIETNAM,ASIA,A,37.9,FALSE,2024-01-01,2024-12-31,FALSE
3,1,Rodriguez LLC,INDONESIA,ASIA,C,42.3,FALSE,2024-12-31,9999-12-31,TRUE
4,2,Allen-Allen,MEXICO,AMERICA,C,15.48,TRUE,2023-01-01,2024-01-01,FALSE
5,2,"Arroyo, Miller and Tucker",MEXICO,AMERICA,C,74.8,TRUE,2024-01-01,2024-12-31,FALSE
6,2,Spence PLC,INDIA,ASIA,D,15.74,FALSE,2024-12-31,9999-12-31,TRUE
7,3,Anderson Group,VIETNAM,ASIA,C,67.52,TRUE,2023-01-01,2024-01-01,FALSE
8,3,"Martin, Rose and Obrien",VIETNAM,ASIA,B,59.45,FALSE,2024-01-01,2024-12-31,FALSE
9,3,Hickman Ltd,CHINA,ASIA,C,93.47,TRUE,2024-12-31,9999-12-31,TRUE
10,4,"Harris, Collins and Carney",BRAZIL,AMERICA,C,67.17,TRUE,2023-01-01,2024-01-01,FALSE
11,4,"Brooks, Lam and Hayes",INDONESIA,ASIA,A,45.83,FALSE,2024-01-01,2024-12-31,FALSE
12,4,Walker LLC,MEXICO,AMERICA,B,26.52,FALSE,2024-12-31,9999-12-31,TRUE
13,5,Chapman and Sons,ITALY,EUROPE,C,15.77,FALSE,2023-01-01,2024-01-01,FALSE
14,5,"Robinson, Jones and Welch",BRAZIL,AMERICA,E,65.4,TRUE,2024-01-01,2024-12-31,FALSE
15,5,Jones Inc,PORTUGAL,EUROPE,C,93.89,TRUE,2024-12-31,9999-12-31,TRUE
16,6,Jones-Young,VIETNAM,ASIA,C,27.23,FALSE,2023-01-01,2024-01-01,FALSE
17,6,"Washington, Ryan and Cummings",BRAZIL,AMERICA,C,26.4,TRUE,2024-01-01,2024-12-31,FALSE
18,6,"Johnston, Sanchez and Kennedy",SPAIN,EUROPE,B,42.36,TRUE,2024-12-31,9999-12-31,TRUE
19,7,Lee-Davis,VIETNAM,ASIA,C,26.2,FALSE,2023-01-01,2024-01-01,FALSE
20,7,Gomez-Jenkins,CHINA,ASIA,A,7.52,FALSE,2024-01-01,2024-12-31,FALSE
21,7,"Brown, Valdez and Lucas",SPAIN,EUROPE,D,58.25,TRUE,2024-12-31,9999-12-31,TRUE
22,8,Powell LLC,VIETNAM,ASIA,D,79.61,FALSE,2023-01-01,2024-01-01,FALSE
23,8,Wright and Sons,SPAIN,EUROPE,B,10.28,FALSE,2024-01-01,2024-12-31,FALSE
24,8,"West, Henderson and Ramirez",ITALY,EUROPE,C,15.46,FALSE,2024-12-31,9999-12-31,TRUE
25,9,Baxter Inc,ITALY,EUROPE,D,88.14,TRUE,2023-01-01,2024-01-01,FALSE
26,9,Morton-Chase,BRAZIL,AMERICA,E,80.22,FALSE,2024-01-01,2024-12-31,FALSE
27,9,Williams PLC,PORTUGAL,EUROPE,D,10.81,FALSE,2024-12-31,9999-12-31,TRUE
28,10,Novak and Sons,ITALY,EUROPE,D,46.03,TRUE,2023-01-01,2024-01-01,FALSE
29,10,Russell Group,PORTUGAL,EUROPE,A,19.31,TRUE,2024-01-01,2024-12-31,FALSE
30,10,Hancock Inc,ITALY,EUROPE,B,64.15,TRUE,2024-12-31,9999-12-31,TRUE
31,11,Gray Group,MEXICO,AMERICA,E,11.53,FALSE,2023-01-01,2024-01-01,FALSE
32,11,House-Glover,VIETNAM,ASIA,B,10.84,TRUE,2024-01-01,2024-12-31,FALSE
33,11,Henderson-Bernard,BRAZIL,AMERICA,C,51.14,TRUE,2024-12-31,9999-12-31,TRUE
34,12,"Stanley, Tucker and Lee",INDIA,ASIA,C,0.17,FALSE,2023-01-01,2024-01-01,FALSE
35,12,Novak PLC,CHINA,ASIA,D,67.06,TRUE,2024-01-01,2024-12-31,FALSE
36,12,"Daniels, Adkins and Brown",VIETNAM,ASIA,B,31.39,FALSE,2024-12-31,9999-12-31,TRUE
37,13,"Woods, Calhoun and Schmidt",BRAZIL,AMERICA,B,40.84,TRUE,2023-01-01,2024-01-01,FALSE
38,13,Yu Inc,INDONESIA,ASIA,C,94.04,FALSE,2024-01-01,2024-12-31,FALSE
39,13,Jones Inc,SPAIN,EUROPE,B,54.79,TRUE,2024-12-31,9999-12-31,TRUE
40,14,"Hensley, Powell and David",INDONESIA,ASIA,C,65.47,TRUE,2023-01-01,2024-01-01,FALSE
41,14,"Sanchez, Wheeler and Harvey",CHINA,ASIA,C,90.12,FALSE,2024-01-01,2024-12-31,FALSE
42,14,Sandoval-Cunningham,VIETNAM,ASIA,C,63.29,TRUE,2024-12-31,9999-12-31,TRUE
43,15,Donovan-Harris,PORTUGAL,EUROPE,C,22.46,TRUE,2023-01-01,2024-01-01,FALSE
44,15,"Edwards, Baker and Anderson",VIETNAM,ASIA,C,84.97,TRUE,2024-01-01,2024-12-31,FALSE
45,15,"Evans, Stewart and Walton",CHINA,ASIA,B,69.64,TRUE,2024-12-31,9999-12-31,TRUE
46,16,Smith PLC,INDONESIA,ASIA,A,75.1,FALSE,2023-01-01,2024-01-01,FALSE
47,16,"Ferrell, Jones and Lewis",VIETNAM,ASIA,B,95.8,FALSE,2024-01-01,2024-12-31,FALSE
48,16,Anderson-Bailey,VIETNAM,ASIA,D,45.65,FALSE,2024-12-31,9999-12-31,TRUE
49,17,Suarez LLC,INDIA,ASIA,C,95.0,FALSE,2023-01-01,2024-01-01,FALSE
50,17,Moore-Bass,INDIA,ASIA,C,83.06,FALSE,2024-01-01,2024-12-31,FALSE
51,17,"Turner, Riggs and Roman",SPAIN,EUROPE,C,25.92,TRUE,2024-12-31,9999-12-31,TRUE
52,18,"Smith, Montoya and Evans",INDIA,ASIA,C,62.67,TRUE,2023-01-01,2024-01-01,FALSE
53,18,"Garcia, Humphrey and Baker",VIETNAM,ASIA,B,31.97,FALSE,2024-01-01,2024-12-31,FALSE
54,18,Newton and Sons,VIETNAM,ASIA,C,70.64,TRUE,2024-12-31,9999-12-31,TRUE
55,19,Campbell-Clark,CHINA,ASIA,C,20.68,TRUE,2023-01-01,2024-01-01,FALSE
56,19,Harris-Walters,SPAIN,EUROPE,C,85.67,FALSE,2024-01-01,2024-12-31,FALSE
57,19,Wagner-King,INDONESIA,ASIA,B,75.35,FALSE,2024-12-31,9999-12-31,TRUE
58,20,Davis Group,ETHIOPIA,AFRICA,D,54.61,FALSE,2023-01-01,2024-01-01,FALSE
59,20,Williams-Cook,INDONESIA,ASIA,C,2.9,TRUE,2024-01-01,2024-12-31,FALSE
60,20,Walsh LLC,BRAZIL,AMERICA,B,46.74,TRUE,2024-12-31,9999-12-31,TRUE
61,21,Figueroa PLC,INDIA,ASIA,C,56.44,TRUE,2023-01-01,2024-01-01,FALSE
62,21,"Patterson, Smith and Jones",INDIA,ASIA,C,5.03,TRUE,2024-01-01,2024-12-31,FALSE
63,21,"Mckee, Gardner and Davenport",VIETNAM,ASIA,D,37.91,FALSE,2024-12-31,9999-12-31,TRUE
64,22,"Tran, Jordan and Williams",ITALY,EUROPE,A,1.94,FALSE,2023-01-01,2024-01-01,FALSE
65,22,Nolan-Flynn,MEXICO,AMERICA,C,78.12,FALSE,2024-01-01,2024-12-31,FALSE
66,22,Nolan and Sons,PORTUGAL,EUROPE,B,2.04,TRUE,2024-12-31,9999-12-31,TRUE
67,23,"Wright, Garcia and Deleon",VIETNAM,ASIA,C,21.8,FALSE,2023-01-01,2024-01-01,FALSE
68,23,Dickson-Brady,PORTUGAL,EUROPE,C,74.79,TRUE,2024-01-01,2024-12-31,FALSE
69,23,Hancock and Sons,PORTUGAL,EUROPE,B,2.57,TRUE,2024-12-31,9999-12-31,TRUE
70,24,Johnson-Doyle,INDIA,ASIA,C,71.5,TRUE,2023-01-01,2024-01-01,FALSE
71,24,Patton-Jenkins,BRAZIL,AMERICA,B,77.25,FALSE,2024-01-01,2024-12-31,FALSE
72,24,"Shields, Cochran and Adams",INDIA,ASIA,E,78.26,TRUE,2024-12-31,9999-12-31,TRUE
73,25,"Rodriguez, Brennan and Garrison",CHINA,ASIA,C,34.12,FALSE,2023-01-01,2024-01-01,FALSE
74,25,Gonzalez Group,ITALY,EUROPE,E,63.56,FALSE,2024-01-01,2024-12-31,FALSE
75,25,Torres-Pope,BRAZIL,AMERICA,D,96.55,TRUE,2024-12-31,9999-12-31,TRUE
76,26,Walker Ltd,PORTUGAL,EUROPE,C,43.56,FALSE,2023-01-01,2024-01-01,FALSE
77,26,Ross LLC,INDONESIA,ASIA,D,8.67,FALSE,2024-01-01,2024-12-31,FALSE
78,26,Rasmussen LLC,INDONESIA,ASIA,C,37.9,TRUE,2024-12-31,9999-12-31,TRUE
79,27,May-Ross,ITALY,EUROPE,B,79.78,TRUE,2023-01-01,2024-01-01,FALSE
80,27,"Rivera, Johnson and Wiley",ITALY,EUROPE,B,1.02,FALSE,2024-01-01,2024-12-31,FALSE
81,27,White-Estes,VIETNAM,ASIA,C,75.82,FALSE,2024-12-31,9999-12-31,TRUE
82,28,Johnson-Carlson,INDIA,ASIA,D,9.31,TRUE,2023-01-01,2024-01-01,FALSE
83,28,Chandler-Edwards,BRAZIL,AMERICA,C,47.33,FALSE,2024-01-01,2024-12-31,FALSE
84,28,"Joyce, Wilson and Lam",CHINA,ASIA,B,70.29,TRUE,2024-12-31,9999-12-31,TRUE
85,29,Scott Ltd,INDONESIA,ASIA,B,11.96,FALSE,2023-01-01,2024-01-01,FALSE
86,29,Smith-Frost,PORTUGAL,EUROPE,B,48.42,FALSE,2024-01-01,2024-12-31,FALSE
87,29,"Mcdaniel, Bentley and Mclaughlin",MEXICO,AMERICA,B,10.05,TRUE,2024-12-31,9999-12-31,TRUE
88,30,Diaz Inc,INDONESIA,ASIA,A,53.41,TRUE,2023-01-01,2024-01-01,FALSE
89,30,"Mccall, Hanson and Alvarado",MEXICO,AMERICA,C,12.63,FALSE,2024-01-01,2024-12-31,FALSE
90,30,Cortez LLC,CHINA,ASIA,C,46.94,TRUE,2024-12-31,9999-12-31,TRUE
91,31,"Parker, Ortiz and Powell",VIETNAM,ASIA,E,47.77,FALSE,2023-01-01,2024-01-01,FALSE
92,31,Spencer-Lee,CHINA,ASIA,C,5.36,TRUE,2024-01-01,2024-12-31,FALSE
93,31,"Bentley, Byrd and Orr",CHINA,ASIA,E,11.85,FALSE,2024-12-31,9999-12-31,TRUE
94,32,"Carroll, Sullivan and Bass",INDIA,ASIA,B,52.26,TRUE,2023-01-01,2024-01-01,FALSE
95,32,Mitchell-Jordan,CHINA,ASIA,E,30.54,FALSE,2024-01-01,2024-12-31,FALSE
96,32,"Lawson, Morris and Ramos",INDIA,ASIA,E,20.78,TRUE,2024-12-31,9999-12-31,TRUE
97,33,"Lewis, Kennedy and Santana",INDIA,ASIA,B,7.51,TRUE,2023-01-01,2024-01-01,FALSE
98,33,"Jackson, Miller and Robertson",CHINA,ASIA,B,23.15,FALSE,2024-01-01,2024-12-31,FALSE
99,33,"Harvey, Davis and Crane",BRAZIL,AMERICA,C,92.39,FALSE,2024-12-31,9999-12-31,TRUE
100,34,Chambers and Sons,INDIA,ASIA,E,42.51,FALSE,2023-01-01,2024-01-01,FALSE
101,34,Hernandez Inc,INDIA,ASIA,D,7.14,TRUE,2024-01-01,2024-12-31,FALSE
102,34,Riggs PLC,INDONESIA,ASIA,C,28.86,TRUE,2024-12-31,9999-12-31,TRUE
103,35,Gibson Ltd,BRAZIL,AMERICA,E,50.05,TRUE,2023-01-01,2024-01-01,FALSE
104,35,"Lee, Horton and Snyder",VIETNAM,ASIA,C,32.23,TRUE,2024-01-01,2024-12-31,FALSE
105,35,Hernandez Ltd,VIETNAM,ASIA,D,57.52,FALSE,2024-12-31,9999-12-31,TRUE
106,36,Stafford Inc,MEXICO,AMERICA,B,4.02,FALSE,2023-01-01,2024-01-01,FALSE
107,36,Robinson-Brock,CHINA,ASIA,E,18.15,FALSE,2024-01-01,2024-12-31,FALSE
108,36,"Holmes, Williams and Wright",INDIA,ASIA,B,34.8,TRUE,2024-12-31,9999-12-31,TRUE
109,37,Bryant Group,INDIA,ASIA,B,69.37,TRUE,2023-01-01,2024-01-01,FALSE
110,37,"Schmidt, Hansen and Stewart",ETHIOPIA,AFRICA,C,45.48,TRUE,2024-01-01,2024-12-31,FALSE
111,37,Salazar-Ball,INDONESIA,ASIA,C,51.46,FALSE,2024-12-31,9999-12-31,TRUE
112,38,"Simmons, Meadows and Griffin",INDIA,ASIA,C,18.76,TRUE,2023-01-01,2024-01-01,FALSE
113,38,Manning Group,PORTUGAL,EUROPE,D,20.36,FALSE,2024-01-01,2024-12-31,FALSE
114,38,Green-Wright,SPAIN,EUROPE,C,12.14,FALSE,2024-12-31,9999-12-31,TRUE
115,39,"Ramirez, Strickland and Washington",INDIA,ASIA,B,55.08,FALSE,2023-01-01,2024-01-01,FALSE
116,39,Hill Inc,VIETNAM,ASIA,E,46.14,TRUE,2024-01-01,2024-12-31,FALSE
117,39,"Mitchell, Nelson and Flores",ITALY,EUROPE,C,50.89,TRUE,2024-12-31,9999-12-31,TRUE
118,40,"Miller, Hernandez and Reyes",ITALY,EUROPE,B,55.13,TRUE,2023-01-01,2024-01-01,FALSE
119,40,Mccarthy Inc,SPAIN,EUROPE,D,86.4,TRUE,2024-01-01,2024-12-31,FALSE
120,40,Russell-Daniels,PORTUGAL,EUROPE,E,50.77,FALSE,2024-12-31,9999-12-31,TRUE
121,41,Brown-Wall,INDONESIA,ASIA,C,99.89,TRUE,2023-01-01,2024-01-01,FALSE
122,41,Stein-Silva,VIETNAM,ASIA,B,55.19,FALSE,2024-01-01,2024-12-31,FALSE
123,41,"Smith, Gilmore and Johnston",CHINA,ASIA,B,69.75,FALSE,2024-12-31,9999-12-31,TRUE
124,42,Smith-Bell,INDONESIA,ASIA,A,74.47,FALSE,2023-01-01,2024-01-01,FALSE
125,42,Castaneda-Ashley,PORTUGAL,EUROPE,C,82.07,FALSE,2024-01-01,2024-12-31,FALSE
126,42,Medina-Navarro,CHINA,ASIA,C,59.02,FALSE,2024-12-31,9999-12-31,TRUE
127,43,"Hurst, Freeman and Nelson",ITALY,EUROPE,C,45.69,FALSE,2023-01-01,2024-01-01,FALSE
128,43,Johnson-Rogers,CHINA,ASIA,B,46.95,FALSE,2024-01-01,2024-12-31,FALSE
129,43,"Yates, Ramsey and Pittman",INDONESIA,ASIA,C,85.18,FALSE,2024-12-31,9999-12-31,TRUE
130,44,Hooper PLC,ITALY,EUROPE,B,71.87,FALSE,2023-01-01,2024-01-01,FALSE
131,44,Meadows PLC,ITALY,EUROPE,A,63.12,FALSE,2024-01-01,2024-12-31,FALSE
132,44,"Alvarado, Miller and Patterson",MEXICO,AMERICA,C,9.84,FALSE,2024-12-31,9999-12-31,TRUE
133,45,White-Green,ITALY,EUROPE,C,90.34,TRUE,2023-01-01,2024-01-01,FALSE
134,45,Lewis-Murphy,PORTUGAL,EUROPE,C,14.56,FALSE,2024-01-01,2024-12-31,FALSE
135,45,Ramirez-Bean,CHINA,ASIA,B,7.9,FALSE,2024-12-31,9999-12-31,TRUE
136,46,King-Miller,INDIA,ASIA,E,14.31,TRUE,2023-01-01,2024-01-01,FALSE
137,46,Curry Inc,INDONESIA,ASIA,A,80.46,FALSE,2024-01-01,2024-12-31,FALSE
138,46,Walker-Jones,INDIA,ASIA,C,34.56,FALSE,2024-12-31,9999-12-31,TRUE
139,47,"Williams, Johnson and Wright",INDIA,ASIA,B,84.53,TRUE,2023-01-01,2024-01-01,FALSE
140,47,Howell and Sons,INDONESIA,ASIA,B,57.19,FALSE,2024-01-01,2024-12-31,FALSE
141,47,Wells Inc,MEXICO,AMERICA,E,65.82,TRUE,2024-12-31,9999-12-31,TRUE
142,48,"Gould, Marshall and Scott",CHINA,ASIA,D,4.9,FALSE,2023-01-01,2024-01-01,FALSE
143,48,Jackson-Lawson,CHINA,ASIA,B,79.89,FALSE,2024-01-01,2024-12-31,FALSE
144,48,"Higgins, Strickland and Martin",INDONESIA,ASIA,C,67.78,FALSE,2024-12-31,9999-12-31,TRUE
145,49,Rodriguez-Johnson,INDIA,ASIA,C,90.34,FALSE,2023-01-01,2024-01-01,FALSE
146,49,Johnston-Odonnell,INDONESIA,ASIA,C,73.24,TRUE,2024-01-01,2024-12-31,FALSE
147,49,Sanders-Espinoza,INDONESIA,ASIA,B,13.22,FALSE,2024-12-31,9999-12-31,TRUE
148,50,Vargas Ltd,MEXICO,AMERICA,E,83.05,TRUE,2023-01-01,2024-01-01,FALSE
149,50,Garcia LLC,ITALY,EUROPE,D,74.66,TRUE,2024-01-01,2024-12-31,FALSE
150,50,"Burke, Martinez and Riggs",VIETNAM,ASIA,B,96.65,FALSE,2024-12-31,9999-12-31,TRUE
151,51,Reed Group,BRAZIL,AMERICA,E,80.46,TRUE,2023-01-01,2024-01-01,FALSE
152,51,"Wood, Hunter and Peterson",PORTUGAL,EUROPE,C,45.48,FALSE,2024-01-01,2024-12-31,FALSE
153,51,Short-Garcia,INDIA,ASIA,D,94.03,TRUE,2024-12-31,9999-12-31,TRUE
154,52,Reid-Poole,INDONESIA,ASIA,D,56.14,FALSE,2023-01-01,2024-01-01,FALSE
155,52,"Hernandez, Thompson and Boyd",INDONESIA,ASIA,D,90.94,TRUE,2024-01-01,2024-12-31,FALSE
156,52,"Nelson, Morton and Medina",CHINA,ASIA,E,30.44,TRUE,2024-12-31,9999-12-31,TRUE
157,53,Marshall-Petersen,VIETNAM,ASIA,B,45.36,FALSE,2023-01-01,2024-01-01,FALSE
158,53,"Adams, Christian and Rivas",BRAZIL,AMERICA,C,74.23,TRUE,2024-01-01,2024-12-31,FALSE
159,53,Ramirez Group,CHINA,ASIA,C,40.81,FALSE,2024-12-31,9999-12-31,TRUE
160,54,Christensen PLC,VIETNAM,ASIA,C,95.06,FALSE,2023-01-01,2024-01-01,FALSE
161,54,"Barnett, Rogers and Snyder",VIETNAM,ASIA,C,97.78,TRUE,2024-01-01,2024-12-31,FALSE
162,54,White-Lewis,CHINA,ASIA,B,84.8,TRUE,2024-12-31,9999-12-31,TRUE
163,55,Peterson-Beard,INDIA,ASIA,C,2.14,FALSE,2023-01-01,2024-01-01,FALSE
164,55,"Beard, Peters and Black",INDONESIA,ASIA,C,6.86,FALSE,2024-01-01,2024-12-31,FALSE
165,55,Miller Ltd,VIETNAM,ASIA,D,32.86,TRUE,2024-12-31,9999-12-31,TRUE
166,56,Freeman-Chang,SPAIN,EUROPE,D,14.47,TRUE,2023-01-01,2024-01-01,FALSE
167,56,"Alvarez, Joseph and West",INDONESIA,ASIA,C,2.58,TRUE,2024-01-01,2024-12-31,FALSE
168,56,Davis and Sons,PORTUGAL,EUROPE,B,17.42,TRUE,2024-12-31,9999-12-31,TRUE
169,57,Holt-Torres,BRAZIL,AMERICA,D,47.62,FALSE,2023-01-01,2024-01-01,FALSE
170,57,"Wood, Tran and Cooper",CHINA,ASIA,C,94.54,TRUE,2024-01-01,2024-12-31,FALSE
171,57,"Pierce, Bell and Chavez",PORTUGAL,EUROPE,C,45.8,FALSE,2024-12-31,9999-12-31,TRUE
172,58,King-Martinez,VIETNAM,ASIA,C,68.61,TRUE,2023-01-01,2024-01-01,FALSE
173,58,Stewart Ltd,SPAIN,EUROPE,A,60.83,TRUE,2024-01-01,2024-12-31,FALSE
174,58,"Tapia, Vaughn and Lee",INDONESIA,ASIA,C,32.52,FALSE,2024-12-31,9999-12-31,TRUE
175,59,"Washington, Hardy and Bray",CHINA,ASIA,C,9.92,FALSE,2023-01-01,2024-01-01,FALSE
176,59,"Carlson, Hooper and Wall",ITALY,EUROPE,D,72.08,TRUE,2024-01-01,2024-12-31,FALSE
177,59,Perez-White,CHINA,ASIA,B,45.35,TRUE,2024-12-31,9999-12-31,TRUE
178,60,Erickson and Sons,VIETNAM,ASIA,C,37.43,TRUE,2023-01-01,2024-01-01,FALSE
179,60,Williams-Brown,SPAIN,EUROPE,D,9.32,TRUE,2024-01-01,2024-12-31,FALSE
180,60,Terry-Martinez,BRAZIL,AMERICA,C,58.65,FALSE,2024-12-31,9999-12-31,TRUE
181,61,Garcia-Smith,INDONESIA,ASIA,B,66.53,FALSE,2023-01-01,2024-01-01,FALSE
182,61,Harrison-Alexander,ITALY,EUROPE,E,60.04,TRUE,2024-01-01,2024-12-31,FALSE
183,61,Sheppard LLC,INDIA,ASIA,C,22.42,TRUE,2024-12-31,9999-12-31,TRUE
184,62,Wilson-Jones,ITALY,EUROPE,D,57.41,FALSE,2023-01-01,2024-01-01,FALSE
185,62,Jones-Soto,ITALY,EUROPE,D,61.36,FALSE,2024-01-01,2024-12-31,FALSE
186,62,Hernandez PLC,VIETNAM,ASIA,D,26.74,TRUE,2024-12-31,9999-12-31,TRUE
187,63,Miller-Wright,BRAZIL,AMERICA,B,0.61,FALSE,2023-01-01,2024-01-01,FALSE
188,63,"Duran, Obrien and Gibbs",CHINA,ASIA,B,63.32,TRUE,2024-01-01,2024-12-31,FALSE
189,63,Rowe Group,BRAZIL,AMERICA,C,34.09,TRUE,2024-12-31,9999-12-31,TRUE
190,64,Kerr-Evans,BRAZIL,AMERICA,C,8.5,TRUE,2023-01-01,2024-01-01,FALSE
191,64,"Branch, Torres and Oliver",VIETNAM,ASIA,C,27.21,FALSE,2024-01-01,2024-12-31,FALSE
192,64,"Choi, Garcia and Farmer",CHINA,ASIA,B,75.49,TRUE,2024-12-31,9999-12-31,TRUE
193,65,"Clark, Guerrero and Moore",CHINA,ASIA,C,48.66,FALSE,2023-01-01,2024-01-01,FALSE
194,65,Arnold and Sons,VIETNAM,ASIA,C,0.77,TRUE,2024-01-01,2024-12-31,FALSE
195,65,Ortiz Ltd,VIETNAM,ASIA,B,32.81,TRUE,2024-12-31,9999-12-31,TRUE
196,66,"Harrison, Johnson and Roberts",BRAZIL,AMERICA,C,70.37,FALSE,2023-01-01,2024-01-01,FALSE
197,66,Warner-Gibson,ITALY,EUROPE,A,86.18,TRUE,2024-01-01,2024-12-31,FALSE
198,66,"Hall, Baker and Moody",VIETNAM,ASIA,D,57.58,FALSE,2024-12-31,9999-12-31,TRUE
199,67,"Guerrero, Peck and Coleman",BRAZIL,AMERICA,B,2.09,TRUE,2023-01-01,2024-01-01,FALSE
200,67,"Walker, Hernandez and Baker",PORTUGAL,EUROPE,D,91.98,TRUE,2024-01-01,2024-12-31,FALSE
201,67,Jones and Sons,ITALY,EUROPE,C,52.4,TRUE,2024-12-31,9999-12-31,TRUE
202,68,Larson-Holloway,INDONESIA,ASIA,B,16.81,FALSE,2023-01-01,2024-01-01,FALSE
203,68,Gonzales-Harrison,VIETNAM,ASIA,D,34.94,FALSE,2024-01-01,2024-12-31,FALSE
204,68,Lyons-Bender,PORTUGAL,EUROPE,B,14.64,TRUE,2024-12-31,9999-12-31,TRUE
205,69,"Fernandez, Kim and George",INDIA,ASIA,C,17.71,FALSE,2023-01-01,2024-01-01,FALSE
206,69,Navarro-Munoz,CHINA,ASIA,D,44.89,FALSE,2024-01-01,2024-12-31,FALSE
207,69,Davis Ltd,CHINA,ASIA,C,86.42,FALSE,2024-12-31,9999-12-31,TRUE
208,70,"Matthews, Smith and Hubbard",VIETNAM,ASIA,C,30.28,TRUE,2023-01-01,2024-01-01,FALSE
209,70,Johnston-Hines,VIETNAM,ASIA,B,45.19,TRUE,2024-01-01,2024-12-31,FALSE
210,70,Ruiz Ltd,ITALY,EUROPE,D,85.53,FALSE,2024-12-31,9999-12-31,TRUE
211,71,Moon-White,CHINA,ASIA,C,79.18,FALSE,2023-01-01,2024-01-01,FALSE
212,71,"Graham, Olsen and Costa",CHINA,ASIA,C,32.15,TRUE,2024-01-01,2024-12-31,FALSE
213,71,Bailey-Cook,VIETNAM,ASIA,B,89.91,TRUE,2024-12-31,9999-12-31,TRUE
214,72,"Garcia, Martin and Jenkins",BRAZIL,AMERICA,B,24.77,TRUE,2023-01-01,2024-01-01,FALSE
215,72,Roberts-Landry,CHINA,ASIA,B,37.29,TRUE,2024-01-01,2024-12-31,FALSE
216,72,"Johnson, Miller and King",CHINA,ASIA,C,78.92,FALSE,2024-12-31,9999-12-31,TRUE
217,73,Cordova Group,VIETNAM,ASIA,C,28.41,FALSE,2023-01-01,2024-01-01,FALSE
218,73,"Bryan, Smith and Booth",INDIA,ASIA,D,33.34,FALSE,2024-01-01,2024-12-31,FALSE
219,73,Gutierrez-Lopez,VIETNAM,ASIA,E,69.85,TRUE,2024-12-31,9999-12-31,TRUE
220,74,Dean-Jimenez,INDIA,ASIA,B,37.67,FALSE,2023-01-01,2024-01-01,FALSE
221,74,Wolf-Harris,PORTUGAL,EUROPE,D,73.88,FALSE,2024-01-01,2024-12-31,FALSE
222,74,"Anderson, Roberts and Gilmore",CHINA,ASIA,C,36.18,TRUE,2024-12-31,9999-12-31,TRUE
223,75,Martinez-Dudley,VIETNAM,ASIA,E,48.63,TRUE,2023-01-01,2024-01-01,FALSE
224,75,"Lloyd, Mckinney and Collins",VIETNAM,ASIA,D,10.11,FALSE,2024-01-01,2024-12-31,FALSE
225,75,Tran Inc,ITALY,EUROPE,A,33.68,FALSE,2024-12-31,9999-12-31,TRUE
226,76,Gay Inc,VIETNAM,ASIA,B,83.13,FALSE,2023-01-01,2024-01-01,FALSE
227,76,Valentine-Holland,PORTUGAL,EUROPE,C,41.09,FALSE,2024-01-01,2024-12-31,FALSE
228,76,Jimenez Ltd,INDONESIA,ASIA,B,74.85,TRUE,2024-12-31,9999-12-31,TRUE
229,77,Hicks-Hill,CHINA,ASIA,D,46.9,FALSE,2023-01-01,2024-01-01,FALSE
230,77,Baird-Sanchez,INDONESIA,ASIA,E,46.17,TRUE,2024-01-01,2024-12-31,FALSE
231,77,"Thomas, Lee and Greene",INDONESIA,ASIA,E,81.69,FALSE,2024-12-31,9999-12-31,TRUE
232,78,"Suarez, Shields and Hill",VIETNAM,ASIA,C,87.41,FALSE,2023-01-01,2024-01-01,FALSE
233,78,Morgan-French,VIETNAM,ASIA,D,28.51,FALSE,2024-01-01,2024-12-31,FALSE
234,78,Hoover-Campbell,INDONESIA,ASIA,B,43.75,FALSE,2024-12-31,9999-12-31,TRUE
235,79,Monroe-Carpenter,INDONESIA,ASIA,B,2.67,TRUE,2023-01-01,2024-01-01,FALSE
236,79,"Burns, Hernandez and Ryan",CHINA,ASIA,E,37.49,TRUE,2024-01-01,2024-12-31,FALSE
237,79,Cook-Hines,ETHIOPIA,AFRICA,C,79.14,TRUE,2024-12-31,9999-12-31,TRUE
238,80,Gibson-Morris,INDONESIA,ASIA,C,13.88,FALSE,2023-01-01,2024-01-01,FALSE
239,80,Pollard and Sons,CHINA,ASIA,A,25.59,FALSE,2024-01-01,2024-12-31,FALSE
240,80,"Reyes, Chase and Jenkins",CHINA,ASIA,C,11.12,TRUE,2024-12-31,9999-12-31,TRUE
241,81,Garner-Thornton,INDONESIA,ASIA,C,79.39,TRUE,2023-01-01,2024-01-01,FALSE
242,81,Hughes-Alvarado,VIETNAM,ASIA,C,1.64,FALSE,2024-01-01,2024-12-31,FALSE
243,81,"Pollard, Simpson and Johnson",INDONESIA,ASIA,C,61.48,TRUE,2024-12-31,9999-12-31,TRUE
244,82,"Sanford, Rivera and Garcia",CHINA,ASIA,A,97.47,TRUE,2023-01-01,2024-01-01,FALSE
245,82,Garcia-Lozano,CHINA,ASIA,E,55.42,TRUE,2024-01-01,2024-12-31,FALSE
246,82,Bowen Group,CHINA,ASIA,E,25.37,TRUE,2024-12-31,9999-12-31,TRUE
247,83,"Booker, Jones and Harrington",PORTUGAL,EUROPE,D,62.83,FALSE,2023-01-01,2024-01-01,FALSE
248,83,Morgan-Schwartz,BRAZIL,AMERICA,A,54.6,FALSE,2024-01-01,2024-12-31,FALSE
249,83,"Miller, Murphy and Craig",VIETNAM,ASIA,C,69.54,FALSE,2024-12-31,9999-12-31,TRUE
250,84,"James, Stewart and Higgins",PORTUGAL,EUROPE,D,45.77,TRUE,2023-01-01,2024-01-01,FALSE
251,84,Brennan-Johnson,VIETNAM,ASIA,A,93.34,FALSE,2024-01-01,2024-12-31,FALSE
252,84,Young Ltd,MEXICO,AMERICA,B,75.33,TRUE,2024-12-31,9999-12-31,TRUE
253,85,Bright-Francis,INDONESIA,ASIA,D,33.19,TRUE,2023-01-01,2024-01-01,FALSE
254,85,Good-Hodges,INDONESIA,ASIA,D,89.46,TRUE,2024-01-01,2024-12-31,FALSE
255,85,"Brennan, Wallace and Benson",MEXICO,AMERICA,C,92.43,FALSE,2024-12-31,9999-12-31,TRUE
256,86,Williams Inc,PORTUGAL,EUROPE,A,60.25,FALSE,2023-01-01,2024-01-01,FALSE
257,86,Howard-Jordan,CHINA,ASIA,A,66.09,TRUE,2024-01-01,2024-12-31,FALSE
258,86,Schmidt PLC,INDIA,ASIA,C,35.15,TRUE,2024-12-31,9999-12-31,TRUE
259,87,"Sparks, Jackson and Miller",ITALY,EUROPE,E,27.46,FALSE,2023-01-01,2024-01-01,FALSE
260,87,Harvey-Allen,ETHIOPIA,AFRICA,C,36.33,FALSE,2024-01-01,2024-12-31,FALSE
261,87,"Thomas, Murray and King",BRAZIL,AMERICA,B,60.76,FALSE,2024-12-31,9999-12-31,TRUE
262,88,Estrada-Nolan,VIETNAM,ASIA,D,36.63,TRUE,2023-01-01,2024-01-01,FALSE
263,88,Santana-Byrd,CHINA,ASIA,C,94.88,TRUE,2024-01-01,2024-12-31,FALSE
264,88,Jones LLC,PORTUGAL,EUROPE,C,39.8,FALSE,2024-12-31,9999-12-31,TRUE
265,89,"Evans, Hayden and Vaughn",INDONESIA,ASIA,D,49.9,TRUE,2023-01-01,2024-01-01,FALSE
266,89,Bruce-Gonzalez,CHINA,ASIA,B,44.63,FALSE,2024-01-01,2024-12-31,FALSE
267,89,Castaneda-Rodriguez,INDONESIA,ASIA,C,12.26,FALSE,2024-12-31,9999-12-31,TRUE
268,90,Armstrong-Andrews,CHINA,ASIA,C,8.78,FALSE,2023-01-01,2024-01-01,FALSE
269,90,"Phillips, Spence and Barrett",ITALY,EUROPE,B,6.49,FALSE,2024-01-01,2024-12-31,FALSE
270,90,Smith-Grimes,ITALY,EUROPE,C,92.73,FALSE,2024-12-31,9999-12-31,TRUE
271,91,"Beltran, Lozano and Mcgee",PORTUGAL,EUROPE,B,20.1,TRUE,2023-01-01,2024-01-01,FALSE
272,91,Parsons-Hall,PORTUGAL,EUROPE,C,36.89,FALSE,2024-01-01,2024-12-31,FALSE
273,91,Robinson-Lee,CHINA,ASIA,A,30.93,FALSE,2024-12-31,9999-12-31,TRUE
274,92,Byrd-Le,BRAZIL,AMERICA,D,82.33,TRUE,2023-01-01,2024-01-01,FALSE
275,92,"Becker, Taylor and Davis",MEXICO,AMERICA,C,68.01,TRUE,2024-01-01,2024-12-31,FALSE
276,92,"Lucas, Parker and Alexander",ITALY,EUROPE,C,18.2,FALSE,2024-12-31,9999-12-31,TRUE
277,93,"Diaz, Anderson and Browning",CHINA,ASIA,A,12.42,TRUE,2023-01-01,2024-01-01,FALSE
278,93,Burgess-Thompson,VIETNAM,ASIA,C,34.6,FALSE,2024-01-01,2024-12-31,FALSE
279,93,Buchanan LLC,SPAIN,EUROPE,B,63.51,FALSE,2024-12-31,9999-12-31,TRUE
280,94,"Shaw, Nelson and Martin",VIETNAM,ASIA,C,50.26,TRUE,2023-01-01,2024-01-01,FALSE
281,94,Coffey-Phillips,ETHIOPIA,AFRICA,C,72.06,FALSE,2024-01-01,2024-12-31,FALSE
282,94,Brock-Mcdonald,ITALY,EUROPE,D,2.84,TRUE,2024-12-31,9999-12-31,TRUE
283,95,Taylor and Sons,INDIA,ASIA,C,76.7,TRUE,2023-01-01,2024-01-01,FALSE
284,95,"Ramsey, Whitney and Coffey",INDIA,ASIA,C,28.97,FALSE,2024-01-01,2024-12-31,FALSE
285,95,"Diaz, Gibbs and Smith",CHINA,ASIA,C,29.74,TRUE,2024-12-31,9999-12-31,TRUE
286,96,"Martinez, Richardson and Curry",VIETNAM,ASIA,C,20.4,FALSE,2023-01-01,2024-01-01,FALSE
287,96,Richards-Carson,INDONESIA,ASIA,D,86.08,FALSE,2024-01-01,2024-12-31,FALSE
288,96,Rodriguez-Hall,VIETNAM,ASIA,C,31.91,TRUE,2024-12-31,9999-12-31,TRUE
289,97,Harvey PLC,INDONESIA,ASIA,B,29.02,TRUE,2023-01-01,2024-01-01,FALSE
290,97,Herman-Walker,INDIA,ASIA,D,15.97,TRUE,2024-01-01,2024-12-31,FALSE
291,97,Reid Group,INDIA,ASIA,D,49.83,FALSE,2024-12-31,9999-12-31,TRUE
292,98,"Turner, Ortiz and Taylor",CHINA,ASIA,A,94.52,FALSE,2023-01-01,2024-01-01,FALSE
293,98,Torres Group,MEXICO,AMERICA,B,5.05,TRUE,2024-01-01,2024-12-31,FALSE
294,98,Davis PLC,ITALY,EUROPE,C,53.67,FALSE,2024-12-31,9999-12-31,TRUE
295,99,Price LLC,CHINA,ASIA,D,76.39,TRUE,2023-01-01,2024-01-01,FALSE
296,99,"Avery, Horton and Fernandez",CHINA,ASIA,B,55.32,TRUE,2024-01-01,2024-12-31,FALSE
297,99,"Newton, Moore and Perry",CHINA,ASIA,B,98.91,FALSE,2024-12-31,9999-12-31,TRUE
298,100,Bass PLC,VIETNAM,ASIA,C,79.49,TRUE,2023-01-01,2024-01-01,FALSE
299,100,Crosby-Ramirez,ETHIOPIA,AFRICA,B,50.91,FALSE,2024-01-01,2024-12-31,FALSE
300,100,"Wood, Ramos and Sampson",VIETNAM,ASIA,B,47.37,TRUE,2024-12-31,9999-12-31,TRUE
301,101,Garcia-Jennings,INDIA,ASIA,B,61.31,TRUE,2023-01-01,2024-01-01,FALSE
302,101,"Winters, Newman and Brown",MEXICO,AMERICA,B,33.64,FALSE,2024-01-01,2024-12-31,FALSE
303,101,Lopez-Martinez,CHINA,ASIA,B,81.57,TRUE,2024-12-31,9999-12-31,TRUE
304,102,Davis-Lewis,INDIA,ASIA,C,79.68,FALSE,2023-01-01,2024-01-01,FALSE
305,102,"Harper, Smith and Buchanan",BRAZIL,AMERICA,C,96.71,FALSE,2024-01-01,2024-12-31,FALSE
306,102,Zhang PLC,PORTUGAL,EUROPE,C,58.35,TRUE,2024-12-31,9999-12-31,TRUE
307,103,Jones PLC,INDIA,ASIA,D,14.78,FALSE,2023-01-01,2024-01-01,FALSE
308,103,Willis and Sons,VIETNAM,ASIA,B,1.89,TRUE,2024-01-01,2024-12-31,FALSE
309,103,Schroeder-Kramer,VIETNAM,ASIA,C,77.5,FALSE,2024-12-31,9999-12-31,TRUE
310,104,"Smith, Garrison and Thomas",ITALY,EUROPE,A,13.81,TRUE,2023-01-01,2024-01-01,FALSE
311,104,Fernandez and Sons,INDONESIA,ASIA,C,31.38,TRUE,2024-01-01,2024-12-31,FALSE
312,104,Guerrero Inc,SPAIN,EUROPE,B,77.2,FALSE,2024-12-31,9999-12-31,TRUE
313,105,Smith and Sons,INDIA,ASIA,C,19.23,TRUE,2023-01-01,2024-01-01,FALSE
314,105,"Morris, Thompson and Williams",CHINA,ASIA,E,29.76,TRUE,2024-01-01,2024-12-31,FALSE
315,105,"Fisher, Wilson and Brown",VIETNAM,ASIA,B,34.88,FALSE,2024-12-31,9999-12-31,TRUE
316,106,Strickland-Palmer,PORTUGAL,EUROPE,B,67.66,TRUE,2023-01-01,2024-01-01,FALSE
317,106,Hayes and Sons,MEXICO,AMERICA,E,80.46,TRUE,2024-01-01,2024-12-31,FALSE
318,106,"Williams, Logan and Camacho",INDONESIA,ASIA,B,44.24,TRUE,2024-12-31,9999-12-31,TRUE
319,107,"Turner, Schneider and Johnson",CHINA,ASIA,C,93.3,FALSE,2023-01-01,2024-01-01,FALSE
320,107,Boone-Simmons,VIETNAM,ASIA,C,24.25,FALSE,2024-01-01,2024-12-31,FALSE
321,107,Henry Group,CHINA,ASIA,A,41.33,FALSE,2024-12-31,9999-12-31,TRUE
322,108,Lam LLC,VIETNAM,ASIA,A,55.04,FALSE,2023-01-01,2024-01-01,FALSE
323,108,"Hernandez, Martinez and Weber",CHINA,ASIA,D,47.74,TRUE,2024-01-01,2024-12-31,FALSE
324,108,"Kelley, Nguyen and Vang",ETHIOPIA,AFRICA,C,90.79,TRUE,2024-12-31,9999-12-31,TRUE
325,109,"Phillips, Wagner and Jordan",INDIA,ASIA,C,93.67,FALSE,2023-01-01,2024-01-01,FALSE
326,109,"Wilson, Pena and Rich",VIETNAM,ASIA,B,91.96,FALSE,2024-01-01,2024-12-31,FALSE
327,109,"Le, Lewis and Hayes",CHINA,ASIA,E,96.21,FALSE,2024-12-31,9999-12-31,TRUE
328,110,Gutierrez Group,ITALY,EUROPE,C,10.73,FALSE,2023-01-01,2024-01-01,FALSE
329,110,Perry-Davis,INDONESIA,ASIA,C,49.39,FALSE,2024-01-01,2024-12-31,FALSE
330,110,Edwards-Scott,ITALY,EUROPE,B,11.26,TRUE,2024-12-31,9999-12-31,TRUE
331,111,Mcdaniel Group,CHINA,ASIA,B,73.66,FALSE,2023-01-01,2024-01-01,FALSE
332,111,Davis Inc,CHINA,ASIA,B,85.61,FALSE,2024-01-01,2024-12-31,FALSE
333,111,Reynolds Ltd,ITALY,EUROPE,A,66.93,TRUE,2024-12-31,9999-12-31,TRUE
334,112,"Watson, Anderson and Brown",VIETNAM,ASIA,B,26.08,TRUE,2023-01-01,2024-01-01,FALSE
335,112,"Hoffman, Santiago and Jenkins",PORTUGAL,EUROPE,B,72.29,TRUE,2024-01-01,2024-12-31,FALSE
336,112,"Pugh, Henderson and Moon",INDIA,ASIA,A,11.82,TRUE,2024-12-31,9999-12-31,TRUE
337,113,Schmitt PLC,CHINA,ASIA,D,70.36,TRUE,2023-01-01,2024-01-01,FALSE
338,113,Bell-Lane,VIETNAM,ASIA,B,61.46,TRUE,2024-01-01,2024-12-31,FALSE
339,113,Moore Group,VIETNAM,ASIA,D,60.57,TRUE,2024-12-31,9999-12-31,TRUE
340,114,Boone LLC,CHINA,ASIA,C,66.41,TRUE,2023-01-01,2024-01-01,FALSE
341,114,"Richardson, Farmer and Andrews",INDONESIA,ASIA,D,8.19,TRUE,2024-01-01,2024-12-31,FALSE
342,114,Bruce-Villegas,BRAZIL,AMERICA,C,6.18,FALSE,2024-12-31,9999-12-31,TRUE
343,115,"Austin, Day and Johnson",CHINA,ASIA,B,32.81,FALSE,2023-01-01,2024-01-01,FALSE
344,115,"Gallegos, Adams and White",VIETNAM,ASIA,C,9.09,FALSE,2024-01-01,2024-12-31,FALSE
345,115,"Farmer, Dorsey and Bell",PORTUGAL,EUROPE,C,45.68,TRUE,2024-12-31,9999-12-31,TRUE
346,116,Kane PLC,CHINA,ASIA,C,39.59,FALSE,2023-01-01,2024-01-01,FALSE
347,116,"Morales, Thomas and Schultz",BRAZIL,AMERICA,A,34.45,TRUE,2024-01-01,2024-12-31,FALSE
348,116,Davis PLC,MEXICO,AMERICA,A,93.38,TRUE,2024-12-31,9999-12-31,TRUE
349,117,Bennett Group,CHINA,ASIA,D,97.83,FALSE,2023-01-01,2024-01-01,FALSE
350,117,Moore-Collins,CHINA,ASIA,C,86.96,FALSE,2024-01-01,2024-12-31,FALSE
351,117,Frank-Bradley,INDONESIA,ASIA,C,53.93,FALSE,2024-12-31,9999-12-31,TRUE
352,118,Ware and Sons,INDONESIA,ASIA,C,52.88,FALSE,2023-01-01,2024-01-01,FALSE
353,118,Webster Inc,INDONESIA,ASIA,A,29.84,FALSE,2024-01-01,2024-12-31,FALSE
354,118,"Miller, Ramos and Coleman",CHINA,ASIA,D,24.75,TRUE,2024-12-31,9999-12-31,TRUE
355,119,"Ramos, Nelson and Fischer",INDONESIA,ASIA,C,11.28,FALSE,2023-01-01,2024-01-01,FALSE
356,119,Reed Inc,CHINA,ASIA,D,1.56,TRUE,2024-01-01,2024-12-31,FALSE
357,119,Gregory-Watkins,VIETNAM,ASIA,C,70.33,TRUE,2024-12-31,9999-12-31,TRUE
358,120,"Estrada, Williams and Foster",BRAZIL,AMERICA,B,21.73,FALSE,2023-01-01,2024-01-01,FALSE
359,120,"Brown, Harris and Dougherty",VIETNAM,ASIA,B,81.58,FALSE,2024-01-01,2024-12-31,FALSE
360,120,Duran LLC,INDONESIA,ASIA,C,32.07,TRUE,2024-12-31,9999-12-31,TRUE
361,121,Wilson-Jimenez,VIETNAM,ASIA,B,30.05,TRUE,2023-01-01,2024-01-01,FALSE
362,121,Thompson-James,ETHIOPIA,AFRICA,E,62.6,TRUE,2024-01-01,2024-12-31,FALSE
363,121,"Hall, Hansen and Barnett",CHINA,ASIA,E,67.13,FALSE,2024-12-31,9999-12-31,TRUE
364,122,Jones-Hensley,INDONESIA,ASIA,B,37.65,FALSE,2023-01-01,2024-01-01,FALSE
365,122,Graham Group,CHINA,ASIA,B,70.76,FALSE,2024-01-01,2024-12-31,FALSE
366,122,Atkins PLC,SPAIN,EUROPE,E,55.73,TRUE,2024-12-31,9999-12-31,TRUE
367,123,Berry-Mckinney,INDONESIA,ASIA,C,92.22,FALSE,2023-01-01,2024-01-01,FALSE
368,123,Roberts-Sullivan,VIETNAM,ASIA,B,26.85,FALSE,2024-01-01,2024-12-31,FALSE
369,123,Jackson-Meza,INDIA,ASIA,B,76.17,FALSE,2024-12-31,9999-12-31,TRUE
370,124,Collier-Gillespie,CHINA,ASIA,D,33.3,FALSE,2023-01-01,2024-01-01,FALSE
371,124,Kim Inc,VIETNAM,ASIA,E,11.73,FALSE,2024-01-01,2024-12-31,FALSE
372,124,Graham Group,CHINA,ASIA,C,20.45,FALSE,2024-12-31,9999-12-31,TRUE
373,125,"Miller, Harrell and Reese",CHINA,ASIA,C,53.37,TRUE,2023-01-01,2024-01-01,FALSE
374,125,Cook and Sons,INDONESIA,ASIA,C,9.86,FALSE,2024-01-01,2024-12-31,FALSE
375,125,Dixon Inc,CHINA,ASIA,E,37.07,TRUE,2024-12-31,9999-12-31,TRUE
376,126,"Hicks, Bullock and Bailey",CHINA,ASIA,B,26.08,FALSE,2023-01-01,2024-01-01,FALSE
377,126,"Mullen, Brewer and Hernandez",INDIA,ASIA,B,32.99,TRUE,2024-01-01,2024-12-31,FALSE
378,126,Thomas and Sons,ITALY,EUROPE,C,68.48,TRUE,2024-12-31,9999-12-31,TRUE
379,127,Morrison Ltd,ITALY,EUROPE,C,49.06,TRUE,2023-01-01,2024-01-01,FALSE
380,127,Thompson Ltd,PORTUGAL,EUROPE,C,48.83,FALSE,2024-01-01,2024-12-31,FALSE
381,127,Marshall-Elliott,CHINA,ASIA,A,3.38,FALSE,2024-12-31,9999-12-31,TRUE
382,128,"Cole, Glass and Cunningham",ETHIOPIA,AFRICA,D,41.24,FALSE,2023-01-01,2024-01-01,FALSE
383,128,"Downs, Morris and Maddox",INDONESIA,ASIA,A,50.57,TRUE,2024-01-01,2024-12-31,FALSE
384,128,Hernandez-Jones,INDIA,ASIA,C,48.32,TRUE,2024-12-31,9999-12-31,TRUE
385,129,Welch-Hogan,VIETNAM,ASIA,A,52.94,TRUE,2023-01-01,2024-01-01,FALSE
386,129,"Brown, Romero and Collins",MEXICO,AMERICA,D,67.4,FALSE,2024-01-01,2024-12-31,FALSE
387,129,Johnson-Wood,SPAIN,EUROPE,B,14.89,TRUE,2024-12-31,9999-12-31,TRUE
388,130,Jones-Lin,CHINA,ASIA,B,39.69,TRUE,2023-01-01,2024-01-01,FALSE
389,130,Gilbert PLC,CHINA,ASIA,E,22.59,FALSE,2024-01-01,2024-12-31,FALSE
390,130,Ford-Spencer,ITALY,EUROPE,D,75.96,TRUE,2024-12-31,9999-12-31,TRUE
391,131,"Huang, Cole and Pacheco",INDONESIA,ASIA,A,0.95,TRUE,2023-01-01,2024-01-01,FALSE
392,131,"Lopez, Jacobs and Mason",CHINA,ASIA,D,56.59,FALSE,2024-01-01,2024-12-31,FALSE
393,131,Hayes LLC,VIETNAM,ASIA,A,21.14,FALSE,2024-12-31,9999-12-31,TRUE
394,132,"Miller, Lucas and Williams",ITALY,EUROPE,A,7.43,FALSE,2023-01-01,2024-01-01,FALSE
395,132,"Kim, Gonzales and Mills",SPAIN,EUROPE,A,92.88,TRUE,2024-01-01,2024-12-31,FALSE
396,132,Cox LLC,ETHIOPIA,AFRICA,D,71.27,TRUE,2024-12-31,9999-12-31,TRUE
397,133,Ortiz-Morgan,VIETNAM,ASIA,B,83.47,TRUE,2023-01-01,2024-01-01,FALSE
398,133,"Williams, Mccoy and Cook",SPAIN,EUROPE,D,14.0,FALSE,2024-01-01,2024-12-31,FALSE
399,133,Davis-Gregory,BRAZIL,AMERICA,E,5.37,TRUE,2024-12-31,9999-12-31,TRUE
400,134,King-York,ITALY,EUROPE,D,95.49,TRUE,2023-01-01,2024-01-01,FALSE
401,134,"Marks, Cook and Aguilar",PORTUGAL,EUROPE,B,99.26,TRUE,2024-01-01,2024-12-31,FALSE
402,134,Rangel LLC,INDONESIA,ASIA,C,67.97,FALSE,2024-12-31,9999-12-31,TRUE
403,135,"Hale, Myers and Larson",VIETNAM,ASIA,D,71.31,TRUE,2023-01-01,2024-01-01,FALSE
404,135,Collins Group,VIETNAM,ASIA,C,73.97,TRUE,2024-01-01,2024-12-31,FALSE
405,135,"Conner, Li and Santiago",VIETNAM,ASIA,B,35.99,TRUE,2024-12-31,9999-12-31,TRUE
406,136,"Osborn, Gaines and Davis",VIETNAM,ASIA,C,55.47,TRUE,2023-01-01,2024-01-01,FALSE
407,136,"Henderson, Cox and Cox",VIETNAM,ASIA,B,59.8,TRUE,2024-01-01,2024-12-31,FALSE
408,136,Bean LLC,INDONESIA,ASIA,C,8.47,FALSE,2024-12-31,9999-12-31,TRUE
409,137,Lee-Cooke,SPAIN,EUROPE,C,16.96,TRUE,2023-01-01,2024-01-01,FALSE
410,137,Jones Inc,VIETNAM,ASIA,C,6.33,TRUE,2024-01-01,2024-12-31,FALSE
411,137,"Wise, Conley and Stephenson",CHINA,ASIA,A,25.17,TRUE,2024-12-31,9999-12-31,TRUE
412,138,Stanley PLC,INDIA,ASIA,B,10.7,TRUE,2023-01-01,2024-01-01,FALSE
413,138,Harper and Sons,ETHIOPIA,AFRICA,C,80.41,TRUE,2024-01-01,2024-12-31,FALSE
414,138,White Ltd,INDONESIA,ASIA,D,97.42,TRUE,2024-12-31,9999-12-31,TRUE
415,139,"Lamb, Martin and Kim",INDONESIA,ASIA,B,31.42,FALSE,2023-01-01,2024-01-01,FALSE
416,139,Diaz-Ball,MEXICO,AMERICA,C,49.1,FALSE,2024-01-01,2024-12-31,FALSE
417,139,Bishop-Goodwin,INDONESIA,ASIA,D,39.29,TRUE,2024-12-31,9999-12-31,TRUE
418,140,Young-Allen,CHINA,ASIA,C,68.17,FALSE,2023-01-01,2024-01-01,FALSE
419,140,Mckee-Lee,ETHIOPIA,AFRICA,C,43.85,TRUE,2024-01-01,2024-12-31,FALSE
420,140,"Valentine, Joyce and Murray",BRAZIL,AMERICA,D,40.91,TRUE,2024-12-31,9999-12-31,TRUE
421,141,Strickland-Shaw,INDIA,ASIA,C,71.52,FALSE,2023-01-01,2024-01-01,FALSE
422,141,Burch-Montoya,VIETNAM,ASIA,C,40.08,FALSE,2024-01-01,2024-12-31,FALSE
423,141,"Taylor, Wright and Davidson",SPAIN,EUROPE,C,79.07,TRUE,2024-12-31,9999-12-31,TRUE
424,142,Spencer-Garcia,SPAIN,EUROPE,C,8.5,FALSE,2023-01-01,2024-01-01,FALSE
425,142,"Rosales, Mitchell and Hines",INDIA,ASIA,C,4.43,FALSE,2024-01-01,2024-12-31,FALSE
426,142,Cole-Palmer,INDIA,ASIA,D,96.57,TRUE,2024-12-31,9999-12-31,TRUE
427,143,Davis-Lozano,VIETNAM,ASIA,C,51.88,FALSE,2023-01-01,2024-01-01,FALSE
428,143,Wilkerson-Arias,INDIA,ASIA,C,77.23,FALSE,2024-01-01,2024-12-31,FALSE
429,143,Brown-Shaw,CHINA,ASIA,A,10.45,TRUE,2024-12-31,9999-12-31,TRUE
430,144,Hughes Inc,ETHIOPIA,AFRICA,E,14.17,TRUE,2023-01-01,2024-01-01,FALSE
431,144,Walker-Flores,CHINA,ASIA,C,47.62,TRUE,2024-01-01,2024-12-31,FALSE
432,144,Combs Ltd,BRAZIL,AMERICA,B,81.02,TRUE,2024-12-31,9999-12-31,TRUE
433,145,Moody-Taylor,ITALY,EUROPE,C,16.44,FALSE,2023-01-01,2024-01-01,FALSE
434,145,Lowery-Kennedy,INDONESIA,ASIA,B,55.98,FALSE,2024-01-01,2024-12-31,FALSE
435,145,Blake Group,INDONESIA,ASIA,B,64.05,TRUE,2024-12-31,9999-12-31,TRUE
436,146,Gilbert-Bullock,VIETNAM,ASIA,B,59.22,TRUE,2023-01-01,2024-01-01,FALSE
437,146,Scott and Sons,BRAZIL,AMERICA,D,80.87,TRUE,2024-01-01,2024-12-31,FALSE
438,146,"Bentley, Lynch and Henderson",VIETNAM,ASIA,B,32.6,TRUE,2024-12-31,9999-12-31,TRUE
439,147,Young-Martinez,INDONESIA,ASIA,C,63.91,FALSE,2023-01-01,2024-01-01,FALSE
440,147,Barnes PLC,INDIA,ASIA,B,84.55,FALSE,2024-01-01,2024-12-31,FALSE
441,147,Brown-Copeland,PORTUGAL,EUROPE,B,61.45,TRUE,2024-12-31,9999-12-31,TRUE
442,148,Carlson-Smith,VIETNAM,ASIA,B,18.3,FALSE,2023-01-01,2024-01-01,FALSE
443,148,"Andrews, Higgins and Carter",CHINA,ASIA,B,38.37,TRUE,2024-01-01,2024-12-31,FALSE
444,148,Mendez and Sons,INDIA,ASIA,C,99.99,FALSE,2024-12-31,9999-12-31,TRUE
445,149,"Butler, Beck and Miller",CHINA,ASIA,B,45.1,TRUE,2023-01-01,2024-01-01,FALSE
446,149,Jones-Fox,INDONESIA,ASIA,B,81.52,FALSE,2024-01-01,2024-12-31,FALSE
447,149,"Hartman, Romero and Smith",CHINA,ASIA,C,41.56,FALSE,2024-12-31,9999-12-31,TRUE
448,150,Williams-Hughes,CHINA,ASIA,A,76.11,TRUE,2023-01-01,2024-01-01,FALSE
449,150,King-Smith,INDONESIA,ASIA,B,45.73,FALSE,2024-01-01,2024-12-31,FALSE
450,150,Cooper Ltd,PORTUGAL,EUROPE,B,11.42,FALSE,2024-12-31,9999-12-31,TRUE
