id,date_actual,Year,Quarter,Month,MonthName,MonthSort,DayOfWeek
1,2025-01-01,2025,Q1 2025,2025-01,Jan 2025,202501,Wednesday
2,2025-01-02,2025,Q1 2025,2025-01,Jan 2025,202501,Thursday
3,2025-01-03,2025,Q1 2025,2025-01,Jan 2025,202501,Friday
4,2025-01-04,2025,Q1 2025,2025-01,Jan 2025,202501,Saturday
5,2025-01-05,2025,Q1 2025,2025-01,Jan 2025,202501,Sunday
6,2025-01-06,2025,Q1 2025,2025-01,Jan 2025,202501,Monday
7,2025-01-07,2025,Q1 2025,2025-01,Jan 2025,202501,Tuesday
8,2025-01-08,2025,Q1 2025,2025-01,Jan 2025,202501,Wednesday
9,2025-01-09,2025,Q1 2025,2025-01,Jan 2025,202501,Thursday
10,2025-01-10,2025,Q1 2025,2025-01,Jan 2025,202501,Friday
11,2025-01-11,2025,Q1 2025,2025-01,Jan 2025,202501,Saturday
12,2025-01-12,2025,Q1 2025,2025-01,Jan 2025,202501,Sunday
13,2025-01-13,2025,Q1 2025,2025-01,Jan 2025,202501,Monday
14,2025-01-14,2025,Q1 2025,2025-01,Jan 2025,202501,Tuesday
15,2025-01-15,2025,Q1 2025,2025-01,Jan 2025,202501,Wednesday
16,2025-01-16,2025,Q1 2025,2025-01,Jan 2025,202501,Thursday
17,2025-01-17,2025,Q1 2025,2025-01,Jan 2025,202501,Friday
18,2025-01-18,2025,Q1 2025,2025-01,Jan 2025,202501,Saturday
19,2025-01-19,2025,Q1 2025,2025-01,Jan 2025,202501,Sunday
20,2025-01-20,2025,Q1 2025,2025-01,Jan 2025,202501,Monday
21,2025-01-21,2025,Q1 2025,2025-01,Jan 2025,202501,Tuesday
22,2025-01-22,2025,Q1 2025,2025-01,Jan 2025,202501,Wednesday
23,2025-01-23,2025,Q1 2025,2025-01,Jan 2025,202501,Thursday
24,2025-01-24,2025,Q1 2025,2025-01,Jan 2025,202501,Friday
25,2025-01-25,2025,Q1 2025,2025-01,Jan 2025,202501,Saturday
26,2025-01-26,2025,Q1 2025,2025-01,Jan 2025,202501,Sunday
27,2025-01-27,2025,Q1 2025,2025-01,Jan 2025,202501,Monday
28,2025-01-28,2025,Q1 2025,2025-01,Jan 2025,202501,Tuesday
29,2025-01-29,2025,Q1 2025,2025-01,Jan 2025,202501,Wednesday
30,2025-01-30,2025,Q1 2025,2025-01,Jan 2025,202501,Thursday
31,2025-01-31,2025,Q1 2025,2025-01,Jan 2025,202501,Friday
32,2025-02-01,2025,Q1 2025,2025-02,Feb 2025,202502,Saturday
33,2025-02-02,2025,Q1 2025,2025-02,Feb 2025,202502,Sunday
34,2025-02-03,2025,Q1 2025,2025-02,Feb 2025,202502,Monday
35,2025-02-04,2025,Q1 2025,2025-02,Feb 2025,202502,Tuesday
36,2025-02-05,2025,Q1 2025,2025-02,Feb 2025,202502,Wednesday
37,2025-02-06,2025,Q1 2025,2025-02,Feb 2025,202502,Thursday
38,2025-02-07,2025,Q1 2025,2025-02,Feb 2025,202502,Friday
39,2025-02-08,2025,Q1 2025,2025-02,Feb 2025,202502,Saturday
40,2025-02-09,2025,Q1 2025,2025-02,Feb 2025,202502,Sunday
41,2025-02-10,2025,Q1 2025,2025-02,Feb 2025,202502,Monday
42,2025-02-11,2025,Q1 2025,2025-02,Feb 2025,202502,Tuesday
43,2025-02-12,2025,Q1 2025,2025-02,Feb 2025,202502,Wednesday
44,2025-02-13,2025,Q1 2025,2025-02,Feb 2025,202502,Thursday
45,2025-02-14,2025,Q1 2025,2025-02,Feb 2025,202502,Friday
46,2025-02-15,2025,Q1 2025,2025-02,Feb 2025,202502,Saturday
47,2025-02-16,2025,Q1 2025,2025-02,Feb 2025,202502,Sunday
48,2025-02-17,2025,Q1 2025,2025-02,Feb 2025,202502,Monday
49,2025-02-18,2025,Q1 2025,2025-02,Feb 2025,202502,Tuesday
50,2025-02-19,2025,Q1 2025,2025-02,Feb 2025,202502,Wednesday
51,2025-02-20,2025,Q1 2025,2025-02,Feb 2025,202502,Thursday
52,2025-02-21,2025,Q1 2025,2025-02,Feb 2025,202502,Friday
53,2025-02-22,2025,Q1 2025,2025-02,Feb 2025,202502,Saturday
54,2025-02-23,2025,Q1 2025,2025-02,Feb 2025,202502,Sunday
55,2025-02-24,2025,Q1 2025,2025-02,Feb 2025,202502,Monday
56,2025-02-25,2025,Q1 2025,2025-02,Feb 2025,202502,Tuesday
57,2025-02-26,2025,Q1 2025,2025-02,Feb 2025,202502,Wednesday
58,2025-02-27,2025,Q1 2025,2025-02,Feb 2025,202502,Thursday
59,2025-02-28,2025,Q1 2025,2025-02,Feb 2025,202502,Friday
60,2025-03-01,2025,Q1 2025,2025-03,Mar 2025,202503,Saturday
61,2025-03-02,2025,Q1 2025,2025-03,Mar 2025,202503,Sunday
62,2025-03-03,2025,Q1 2025,2025-03,Mar 2025,202503,Monday
63,2025-03-04,2025,Q1 2025,2025-03,Mar 2025,202503,Tuesday
64,2025-03-05,2025,Q1 2025,2025-03,Mar 2025,202503,Wednesday
65,2025-03-06,2025,Q1 2025,2025-03,Mar 2025,202503,Thursday
66,2025-03-07,2025,Q1 2025,2025-03,Mar 2025,202503,Friday
67,2025-03-08,2025,Q1 2025,2025-03,Mar 2025,202503,Saturday
68,2025-03-09,2025,Q1 2025,2025-03,Mar 2025,202503,Sunday
69,2025-03-10,2025,Q1 2025,2025-03,Mar 2025,202503,Monday
70,2025-03-11,2025,Q1 2025,2025-03,Mar 2025,202503,Tuesday
71,2025-03-12,2025,Q1 2025,2025-03,Mar 2025,202503,Wednesday
72,2025-03-13,2025,Q1 2025,2025-03,Mar 2025,202503,Thursday
73,2025-03-14,2025,Q1 2025,2025-03,Mar 2025,202503,Friday
74,2025-03-15,2025,Q1 2025,2025-03,Mar 2025,202503,Saturday
75,2025-03-16,2025,Q1 2025,2025-03,Mar 2025,202503,Sunday
76,2025-03-17,2025,Q1 2025,2025-03,Mar 2025,202503,Monday
77,2025-03-18,2025,Q1 2025,2025-03,Mar 2025,202503,Tuesday
78,2025-03-19,2025,Q1 2025,2025-03,Mar 2025,202503,Wednesday
79,2025-03-20,2025,Q1 2025,2025-03,Mar 2025,202503,Thursday
80,2025-03-21,2025,Q1 2025,2025-03,Mar 2025,202503,Friday
81,2025-03-22,2025,Q1 2025,2025-03,Mar 2025,202503,Saturday
82,2025-03-23,2025,Q1 2025,2025-03,Mar 2025,202503,Sunday
83,2025-03-24,2025,Q1 2025,2025-03,Mar 2025,202503,Monday
84,2025-03-25,2025,Q1 2025,2025-03,Mar 2025,202503,Tuesday
85,2025-03-26,2025,Q1 2025,2025-03,Mar 2025,202503,Wednesday
86,2025-03-27,2025,Q1 2025,2025-03,Mar 2025,202503,Thursday
87,2025-03-28,2025,Q1 2025,2025-03,Mar 2025,202503,Friday
88,2025-03-29,2025,Q1 2025,2025-03,Mar 2025,202503,Saturday
89,2025-03-30,2025,Q1 2025,2025-03,Mar 2025,202503,Sunday
90,2025-03-31,2025,Q1 2025,2025-03,Mar 2025,202503,Monday
91,2025-04-01,2025,Q2 2025,2025-04,Apr 2025,202504,Tuesday
92,2025-04-02,2025,Q2 2025,2025-04,Apr 2025,202504,Wednesday
93,2025-04-03,2025,Q2 2025,2025-04,Apr 2025,202504,Thursday
94,2025-04-04,2025,Q2 2025,2025-04,Apr 2025,202504,Friday
95,2025-04-05,2025,Q2 2025,2025-04,Apr 2025,202504,Saturday
96,2025-04-06,2025,Q2 2025,2025-04,Apr 2025,202504,Sunday
97,2025-04-07,2025,Q2 2025,2025-04,Apr 2025,202504,Monday
98,2025-04-08,2025,Q2 2025,2025-04,Apr 2025,202504,Tuesday
99,2025-04-09,2025,Q2 2025,2025-04,Apr 2025,202504,Wednesday
100,2025-04-10,2025,Q2 2025,2025-04,Apr 2025,202504,Thursday
101,2025-04-11,2025,Q2 2025,2025-04,Apr 2025,202504,Friday
102,2025-04-12,2025,Q2 2025,2025-04,Apr 2025,202504,Saturday
103,2025-04-13,2025,Q2 2025,2025-04,Apr 2025,202504,Sunday
104,2025-04-14,2025,Q2 2025,2025-04,Apr 2025,202504,Monday
105,2025-04-15,2025,Q2 2025,2025-04,Apr 2025,202504,Tuesday
106,2025-04-16,2025,Q2 2025,2025-04,Apr 2025,202504,Wednesday
107,2025-04-17,2025,Q2 2025,2025-04,Apr 2025,202504,Thursday
108,2025-04-18,2025,Q2 2025,2025-04,Apr 2025,202504,Friday
109,2025-04-19,2025,Q2 2025,2025-04,Apr 2025,202504,Saturday
110,2025-04-20,2025,Q2 2025,2025-04,Apr 2025,202504,Sunday
111,2025-04-21,2025,Q2 2025,2025-04,Apr 2025,202504,Monday
112,2025-04-22,2025,Q2 2025,2025-04,Apr 2025,202504,Tuesday
113,2025-04-23,2025,Q2 2025,2025-04,Apr 2025,202504,Wednesday
114,2025-04-24,2025,Q2 2025,2025-04,Apr 2025,202504,Thursday
115,2025-04-25,2025,Q2 2025,2025-04,Apr 2025,202504,Friday
116,2025-04-26,2025,Q2 2025,2025-04,Apr 2025,202504,Saturday
117,2025-04-27,2025,Q2 2025,2025-04,Apr 2025,202504,Sunday
118,2025-04-28,2025,Q2 2025,2025-04,Apr 2025,202504,Monday
119,2025-04-29,2025,Q2 2025,2025-04,Apr 2025,202504,Tuesday
120,2025-04-30,2025,Q2 2025,2025-04,Apr 2025,202504,Wednesday
121,2025-05-01,2025,Q2 2025,2025-05,May 2025,202505,Thursday
122,2025-05-02,2025,Q2 2025,2025-05,May 2025,202505,Friday
123,2025-05-03,2025,Q2 2025,2025-05,May 2025,202505,Saturday
124,2025-05-04,2025,Q2 2025,2025-05,May 2025,202505,Sunday
125,2025-05-05,2025,Q2 2025,2025-05,May 2025,202505,Monday
126,2025-05-06,2025,Q2 2025,2025-05,May 2025,202505,Tuesday
127,2025-05-07,2025,Q2 2025,2025-05,May 2025,202505,Wednesday
128,2025-05-08,2025,Q2 2025,2025-05,May 2025,202505,Thursday
129,2025-05-09,2025,Q2 2025,2025-05,May 2025,202505,Friday
130,2025-05-10,2025,Q2 2025,2025-05,May 2025,202505,Saturday
131,2025-05-11,2025,Q2 2025,2025-05,May 2025,202505,Sunday
132,2025-05-12,2025,Q2 2025,2025-05,May 2025,202505,Monday
133,2025-05-13,2025,Q2 2025,2025-05,May 2025,202505,Tuesday
134,2025-05-14,2025,Q2 2025,2025-05,May 2025,202505,Wednesday
135,2025-05-15,2025,Q2 2025,2025-05,May 2025,202505,Thursday
136,2025-05-16,2025,Q2 2025,2025-05,May 2025,202505,Friday
137,2025-05-17,2025,Q2 2025,2025-05,May 2025,202505,Saturday
138,2025-05-18,2025,Q2 2025,2025-05,May 2025,202505,Sunday
139,2025-05-19,2025,Q2 2025,2025-05,May 2025,202505,Monday
140,2025-05-20,2025,Q2 2025,2025-05,May 2025,202505,Tuesday
141,2025-05-21,2025,Q2 2025,2025-05,May 2025,202505,Wednesday
142,2025-05-22,2025,Q2 2025,2025-05,May 2025,202505,Thursday
143,2025-05-23,2025,Q2 2025,2025-05,May 2025,202505,Friday
144,2025-05-24,2025,Q2 2025,2025-05,May 2025,202505,Saturday
145,2025-05-25,2025,Q2 2025,2025-05,May 2025,202505,Sunday
146,2025-05-26,2025,Q2 2025,2025-05,May 2025,202505,Monday
147,2025-05-27,2025,Q2 2025,2025-05,May 2025,202505,Tuesday
148,2025-05-28,2025,Q2 2025,2025-05,May 2025,202505,Wednesday
149,2025-05-29,2025,Q2 2025,2025-05,May 2025,202505,Thursday
150,2025-05-30,2025,Q2 2025,2025-05,May 2025,202505,Friday
151,2025-05-31,2025,Q2 2025,2025-05,May 2025,202505,Saturday
152,2025-06-01,2025,Q2 2025,2025-06,Jun 2025,202506,Sunday
153,2025-06-02,2025,Q2 2025,2025-06,Jun 2025,202506,Monday
154,2025-06-03,2025,Q2 2025,2025-06,Jun 2025,202506,Tuesday
155,2025-06-04,2025,Q2 2025,2025-06,Jun 2025,202506,Wednesday
156,2025-06-05,2025,Q2 2025,2025-06,Jun 2025,202506,Thursday
157,2025-06-06,2025,Q2 2025,2025-06,Jun 2025,202506,Friday
158,2025-06-07,2025,Q2 2025,2025-06,Jun 2025,202506,Saturday
159,2025-06-08,2025,Q2 2025,2025-06,Jun 2025,202506,Sunday
160,2025-06-09,2025,Q2 2025,2025-06,Jun 2025,202506,Monday
161,2025-06-10,2025,Q2 2025,2025-06,Jun 2025,202506,Tuesday
162,2025-06-11,2025,Q2 2025,2025-06,Jun 2025,202506,Wednesday
163,2025-06-12,2025,Q2 2025,2025-06,Jun 2025,202506,Thursday
164,2025-06-13,2025,Q2 2025,2025-06,Jun 2025,202506,Friday
165,2025-06-14,2025,Q2 2025,2025-06,Jun 2025,202506,Saturday
166,2025-06-15,2025,Q2 2025,2025-06,Jun 2025,202506,Sunday
167,2025-06-16,2025,Q2 2025,2025-06,Jun 2025,202506,Monday
168,2025-06-17,2025,Q2 2025,2025-06,Jun 2025,202506,Tuesday
169,2025-06-18,2025,Q2 2025,2025-06,Jun 2025,202506,Wednesday
170,2025-06-19,2025,Q2 2025,2025-06,Jun 2025,202506,Thursday
171,2025-06-20,2025,Q2 2025,2025-06,Jun 2025,202506,Friday
172,2025-06-21,2025,Q2 2025,2025-06,Jun 2025,202506,Saturday
173,2025-06-22,2025,Q2 2025,2025-06,Jun 2025,202506,Sunday
174,2025-06-23,2025,Q2 2025,2025-06,Jun 2025,202506,Monday
175,2025-06-24,2025,Q2 2025,2025-06,Jun 2025,202506,Tuesday
176,2025-06-25,2025,Q2 2025,2025-06,Jun 2025,202506,Wednesday
177,2025-06-26,2025,Q2 2025,2025-06,Jun 2025,202506,Thursday
178,2025-06-27,2025,Q2 2025,2025-06,Jun 2025,202506,Friday
179,2025-06-28,2025,Q2 2025,2025-06,Jun 2025,202506,Saturday
180,2025-06-29,2025,Q2 2025,2025-06,Jun 2025,202506,Sunday
181,2025-06-30,2025,Q2 2025,2025-06,Jun 2025,202506,Monday
182,2025-07-01,2025,Q3 2025,2025-07,Jul 2025,202507,Tuesday
183,2025-07-02,2025,Q3 2025,2025-07,Jul 2025,202507,Wednesday
184,2025-07-03,2025,Q3 2025,2025-07,Jul 2025,202507,Thursday
185,2025-07-04,2025,Q3 2025,2025-07,Jul 2025,202507,Friday
186,2025-07-05,2025,Q3 2025,2025-07,Jul 2025,202507,Saturday
187,2025-07-06,2025,Q3 2025,2025-07,Jul 2025,202507,Sunday
188,2025-07-07,2025,Q3 2025,2025-07,Jul 2025,202507,Monday
189,2025-07-08,2025,Q3 2025,2025-07,Jul 2025,202507,Tuesday
190,2025-07-09,2025,Q3 2025,2025-07,Jul 2025,202507,Wednesday
191,2025-07-10,2025,Q3 2025,2025-07,Jul 2025,202507,Thursday
192,2025-07-11,2025,Q3 2025,2025-07,Jul 2025,202507,Friday
193,2025-07-12,2025,Q3 2025,2025-07,Jul 2025,202507,Saturday
194,2025-07-13,2025,Q3 2025,2025-07,Jul 2025,202507,Sunday
195,2025-07-14,2025,Q3 2025,2025-07,Jul 2025,202507,Monday
196,2025-07-15,2025,Q3 2025,2025-07,Jul 2025,202507,Tuesday
197,2025-07-16,2025,Q3 2025,2025-07,Jul 2025,202507,Wednesday
198,2025-07-17,2025,Q3 2025,2025-07,Jul 2025,202507,Thursday
199,2025-07-18,2025,Q3 2025,2025-07,Jul 2025,202507,Friday
200,2025-07-19,2025,Q3 2025,2025-07,Jul 2025,202507,Saturday
201,2025-07-20,2025,Q3 2025,2025-07,Jul 2025,202507,Sunday
202,2025-07-21,2025,Q3 2025,2025-07,Jul 2025,202507,Monday
203,2025-07-22,2025,Q3 2025,2025-07,Jul 2025,202507,Tuesday
204,2025-07-23,2025,Q3 2025,2025-07,Jul 2025,202507,Wednesday
205,2025-07-24,2025,Q3 2025,2025-07,Jul 2025,202507,Thursday
206,2025-07-25,2025,Q3 2025,2025-07,Jul 2025,202507,Friday
207,2025-07-26,2025,Q3 2025,2025-07,Jul 2025,202507,Saturday
208,2025-07-27,2025,Q3 2025,2025-07,Jul 2025,202507,Sunday
209,2025-07-28,2025,Q3 2025,2025-07,Jul 2025,202507,Monday
210,2025-07-29,2025,Q3 2025,2025-07,Jul 2025,202507,Tuesday
211,2025-07-30,2025,Q3 2025,2025-07,Jul 2025,202507,Wednesday
212,2025-07-31,2025,Q3 2025,2025-07,Jul 2025,202507,Thursday
213,2025-08-01,2025,Q3 2025,2025-08,Aug 2025,202508,Friday
214,2025-08-02,2025,Q3 2025,2025-08,Aug 2025,202508,Saturday
215,2025-08-03,2025,Q3 2025,2025-08,Aug 2025,202508,Sunday
216,2025-08-04,2025,Q3 2025,2025-08,Aug 2025,202508,Monday
217,2025-08-05,2025,Q3 2025,2025-08,Aug 2025,202508,Tuesday
218,2025-08-06,2025,Q3 2025,2025-08,Aug 2025,202508,Wednesday
219,2025-08-07,2025,Q3 2025,2025-08,Aug 2025,202508,Thursday
220,2025-08-08,2025,Q3 2025,2025-08,Aug 2025,202508,Friday
221,2025-08-09,2025,Q3 2025,2025-08,Aug 2025,202508,Saturday
222,2025-08-10,2025,Q3 2025,2025-08,Aug 2025,202508,Sunday
223,2025-08-11,2025,Q3 2025,2025-08,Aug 2025,202508,Monday
224,2025-08-12,2025,Q3 2025,2025-08,Aug 2025,202508,Tuesday
225,2025-08-13,2025,Q3 2025,2025-08,Aug 2025,202508,Wednesday
226,2025-08-14,2025,Q3 2025,2025-08,Aug 2025,202508,Thursday
227,2025-08-15,2025,Q3 2025,2025-08,Aug 2025,202508,Friday
228,2025-08-16,2025,Q3 2025,2025-08,Aug 2025,202508,Saturday
229,2025-08-17,2025,Q3 2025,2025-08,Aug 2025,202508,Sunday
230,2025-08-18,2025,Q3 2025,2025-08,Aug 2025,202508,Monday
231,2025-08-19,2025,Q3 2025,2025-08,Aug 2025,202508,Tuesday
232,2025-08-20,2025,Q3 2025,2025-08,Aug 2025,202508,Wednesday
233,2025-08-21,2025,Q3 2025,2025-08,Aug 2025,202508,Thursday
234,2025-08-22,2025,Q3 2025,2025-08,Aug 2025,202508,Friday
235,2025-08-23,2025,Q3 2025,2025-08,Aug 2025,202508,Saturday
236,2025-08-24,2025,Q3 2025,2025-08,Aug 2025,202508,Sunday
237,2025-08-25,2025,Q3 2025,2025-08,Aug 2025,202508,Monday
238,2025-08-26,2025,Q3 2025,2025-08,Aug 2025,202508,Tuesday
239,2025-08-27,2025,Q3 2025,2025-08,Aug 2025,202508,Wednesday
240,2025-08-28,2025,Q3 2025,2025-08,Aug 2025,202508,Thursday
241,2025-08-29,2025,Q3 2025,2025-08,Aug 2025,202508,Friday
242,2025-08-30,2025,Q3 2025,2025-08,Aug 2025,202508,Saturday
243,2025-08-31,2025,Q3 2025,2025-08,Aug 2025,202508,Sunday
244,2025-09-01,2025,Q3 2025,2025-09,Sep 2025,202509,Monday
245,2025-09-02,2025,Q3 2025,2025-09,Sep 2025,202509,Tuesday
246,2025-09-03,2025,Q3 2025,2025-09,Sep 2025,202509,Wednesday
247,2025-09-04,2025,Q3 2025,2025-09,Sep 2025,202509,Thursday
248,2025-09-05,2025,Q3 2025,2025-09,Sep 2025,202509,Friday
249,2025-09-06,2025,Q3 2025,2025-09,Sep 2025,202509,Saturday
250,2025-09-07,2025,Q3 2025,2025-09,Sep 2025,202509,Sunday
251,2025-09-08,2025,Q3 2025,2025-09,Sep 2025,202509,Monday
252,2025-09-09,2025,Q3 2025,2025-09,Sep 2025,202509,Tuesday
253,2025-09-10,2025,Q3 2025,2025-09,Sep 2025,202509,Wednesday
254,2025-09-11,2025,Q3 2025,2025-09,Sep 2025,202509,Thursday
255,2025-09-12,2025,Q3 2025,2025-09,Sep 2025,202509,Friday
256,2025-09-13,2025,Q3 2025,2025-09,Sep 2025,202509,Saturday
257,2025-09-14,2025,Q3 2025,2025-09,Sep 2025,202509,Sunday
258,2025-09-15,2025,Q3 2025,2025-09,Sep 2025,202509,Monday
259,2025-09-16,2025,Q3 2025,2025-09,Sep 2025,202509,Tuesday
260,2025-09-17,2025,Q3 2025,2025-09,Sep 2025,202509,Wednesday
261,2025-09-18,2025,Q3 2025,2025-09,Sep 2025,202509,Thursday
262,2025-09-19,2025,Q3 2025,2025-09,Sep 2025,202509,Friday
263,2025-09-20,2025,Q3 2025,2025-09,Sep 2025,202509,Saturday
264,2025-09-21,2025,Q3 2025,2025-09,Sep 2025,202509,Sunday
265,2025-09-22,2025,Q3 2025,2025-09,Sep 2025,202509,Monday
266,2025-09-23,2025,Q3 2025,2025-09,Sep 2025,202509,Tuesday
267,2025-09-24,2025,Q3 2025,2025-09,Sep 2025,202509,Wednesday
268,2025-09-25,2025,Q3 2025,2025-09,Sep 2025,202509,Thursday
269,2025-09-26,2025,Q3 2025,2025-09,Sep 2025,202509,Friday
270,2025-09-27,2025,Q3 2025,2025-09,Sep 2025,202509,Saturday
271,2025-09-28,2025,Q3 2025,2025-09,Sep 2025,202509,Sunday
272,2025-09-29,2025,Q3 2025,2025-09,Sep 2025,202509,Monday
273,2025-09-30,2025,Q3 2025,2025-09,Sep 2025,202509,Tuesday
274,2025-10-01,2025,Q4 2025,2025-10,Oct 2025,202510,Wednesday
275,2025-10-02,2025,Q4 2025,2025-10,Oct 2025,202510,Thursday
276,2025-10-03,2025,Q4 2025,2025-10,Oct 2025,202510,Friday
277,2025-10-04,2025,Q4 2025,2025-10,Oct 2025,202510,Saturday
278,2025-10-05,2025,Q4 2025,2025-10,Oct 2025,202510,Sunday
279,2025-10-06,2025,Q4 2025,2025-10,Oct 2025,202510,Monday
280,2025-10-07,2025,Q4 2025,2025-10,Oct 2025,202510,Tuesday
281,2025-10-08,2025,Q4 2025,2025-10,Oct 2025,202510,Wednesday
282,2025-10-09,2025,Q4 2025,2025-10,Oct 2025,202510,Thursday
283,2025-10-10,2025,Q4 2025,2025-10,Oct 2025,202510,Friday
284,2025-10-11,2025,Q4 2025,2025-10,Oct 2025,202510,Saturday
285,2025-10-12,2025,Q4 2025,2025-10,Oct 2025,202510,Sunday
286,2025-10-13,2025,Q4 2025,2025-10,Oct 2025,202510,Monday
287,2025-10-14,2025,Q4 2025,2025-10,Oct 2025,202510,Tuesday
288,2025-10-15,2025,Q4 2025,2025-10,Oct 2025,202510,Wednesday
289,2025-10-16,2025,Q4 2025,2025-10,Oct 2025,202510,Thursday
290,2025-10-17,2025,Q4 2025,2025-10,Oct 2025,202510,Friday
291,2025-10-18,2025,Q4 2025,2025-10,Oct 2025,202510,Saturday
292,2025-10-19,2025,Q4 2025,2025-10,Oct 2025,202510,Sunday
293,2025-10-20,2025,Q4 2025,2025-10,Oct 2025,202510,Monday
294,2025-10-21,2025,Q4 2025,2025-10,Oct 2025,202510,Tuesday
295,2025-10-22,2025,Q4 2025,2025-10,Oct 2025,202510,Wednesday
296,2025-10-23,2025,Q4 2025,2025-10,Oct 2025,202510,Thursday
297,2025-10-24,2025,Q4 2025,2025-10,Oct 2025,202510,Friday
298,2025-10-25,2025,Q4 2025,2025-10,Oct 2025,202510,Saturday
299,2025-10-26,2025,Q4 2025,2025-10,Oct 2025,202510,Sunday
300,2025-10-27,2025,Q4 2025,2025-10,Oct 2025,202510,Monday
301,2025-10-28,2025,Q4 2025,2025-10,Oct 2025,202510,Tuesday
302,2025-10-29,2025,Q4 2025,2025-10,Oct 2025,202510,Wednesday
303,2025-10-30,2025,Q4 2025,2025-10,Oct 2025,202510,Thursday
304,2025-10-31,2025,Q4 2025,2025-10,Oct 2025,202510,Friday
305,2025-11-01,2025,Q4 2025,2025-11,Nov 2025,202511,Saturday
306,2025-11-02,2025,Q4 2025,2025-11,Nov 2025,202511,Sunday
307,2025-11-03,2025,Q4 2025,2025-11,Nov 2025,202511,Monday
308,2025-11-04,2025,Q4 2025,2025-11,Nov 2025,202511,Tuesday
309,2025-11-05,2025,Q4 2025,2025-11,Nov 2025,202511,Wednesday
310,2025-11-06,2025,Q4 2025,2025-11,Nov 2025,202511,Thursday
311,2025-11-07,2025,Q4 2025,2025-11,Nov 2025,202511,Friday
312,2025-11-08,2025,Q4 2025,2025-11,Nov 2025,202511,Saturday
313,2025-11-09,2025,Q4 2025,2025-11,Nov 2025,202511,Sunday
314,2025-11-10,2025,Q4 2025,2025-11,Nov 2025,202511,Monday
315,2025-11-11,2025,Q4 2025,2025-11,Nov 2025,202511,Tuesday
316,2025-11-12,2025,Q4 2025,2025-11,Nov 2025,202511,Wednesday
317,2025-11-13,2025,Q4 2025,2025-11,Nov 2025,202511,Thursday
318,2025-11-14,2025,Q4 2025,2025-11,Nov 2025,202511,Friday
319,2025-11-15,2025,Q4 2025,2025-11,Nov 2025,202511,Saturday
320,2025-11-16,2025,Q4 2025,2025-11,Nov 2025,202511,Sunday
321,2025-11-17,2025,Q4 2025,2025-11,Nov 2025,202511,Monday
322,2025-11-18,2025,Q4 2025,2025-11,Nov 2025,202511,Tuesday
323,2025-11-19,2025,Q4 2025,2025-11,Nov 2025,202511,Wednesday
324,2025-11-20,2025,Q4 2025,2025-11,Nov 2025,202511,Thursday
325,2025-11-21,2025,Q4 2025,2025-11,Nov 2025,202511,Friday
326,2025-11-22,2025,Q4 2025,2025-11,Nov 2025,202511,Saturday
327,2025-11-23,2025,Q4 2025,2025-11,Nov 2025,202511,Sunday
328,2025-11-24,2025,Q4 2025,2025-11,Nov 2025,202511,Monday
329,2025-11-25,2025,Q4 2025,2025-11,Nov 2025,202511,Tuesday
330,2025-11-26,2025,Q4 2025,2025-11,Nov 2025,202511,Wednesday
331,2025-11-27,2025,Q4 2025,2025-11,Nov 2025,202511,Thursday
332,2025-11-28,2025,Q4 2025,2025-11,Nov 2025,202511,Friday
333,2025-11-29,2025,Q4 2025,2025-11,Nov 2025,202511,Saturday
334,2025-11-30,2025,Q4 2025,2025-11,Nov 2025,202511,Sunday
335,2025-12-01,2025,Q4 2025,2025-12,Dec 2025,202512,Monday
336,2025-12-02,2025,Q4 2025,2025-12,Dec 2025,202512,Tuesday
337,2025-12-03,2025,Q4 2025,2025-12,Dec 2025,202512,Wednesday
338,2025-12-04,2025,Q4 2025,2025-12,Dec 2025,202512,Thursday
339,2025-12-05,2025,Q4 2025,2025-12,Dec 2025,202512,Friday
340,2025-12-06,2025,Q4 2025,2025-12,Dec 2025,202512,Saturday
341,2025-12-07,2025,Q4 2025,2025-12,Dec 2025,202512,Sunday
342,2025-12-08,2025,Q4 2025,2025-12,Dec 2025,202512,Monday
343,2025-12-09,2025,Q4 2025,2025-12,Dec 2025,202512,Tuesday
344,2025-12-10,2025,Q4 2025,2025-12,Dec 2025,202512,Wednesday
345,2025-12-11,2025,Q4 2025,2025-12,Dec 2025,202512,Thursday
346,2025-12-12,2025,Q4 2025,2025-12,Dec 2025,202512,Friday
347,2025-12-13,2025,Q4 2025,2025-12,Dec 2025,202512,Saturday
348,2025-12-14,2025,Q4 2025,2025-12,Dec 2025,202512,Sunday
349,2025-12-15,2025,Q4 2025,2025-12,Dec 2025,202512,Monday
350,2025-12-16,2025,Q4 2025,2025-12,Dec 2025,202512,Tuesday
351,2025-12-17,2025,Q4 2025,2025-12,Dec 2025,202512,Wednesday
352,2025-12-18,2025,Q4 2025,2025-12,Dec 2025,202512,Thursday
353,2025-12-19,2025,Q4 2025,2025-12,Dec 2025,202512,Friday
354,2025-12-20,2025,Q4 2025,2025-12,Dec 2025,202512,Saturday
355,2025-12-21,2025,Q4 2025,2025-12,Dec 2025,202512,Sunday
356,2025-12-22,2025,Q4 2025,2025-12,Dec 2025,202512,Monday
357,2025-12-23,2025,Q4 2025,2025-12,Dec 2025,202512,Tuesday
358,2025-12-24,2025,Q4 2025,2025-12,Dec 2025,202512,Wednesday
359,2025-12-25,2025,Q4 2025,2025-12,Dec 2025,202512,Thursday
360,2025-12-26,2025,Q4 2025,2025-12,Dec 2025,202512,Friday
361,2025-12-27,2025,Q4 2025,2025-12,Dec 2025,202512,Saturday
362,2025-12-28,2025,Q4 2025,2025-12,Dec 2025,202512,Sunday
363,2025-12-29,2025,Q4 2025,2025-12,Dec 2025,202512,Monday
364,2025-12-30,2025,Q4 2025,2025-12,Dec 2025,202512,Tuesday
365,2025-12-31,2025,Q4 2025,2025-12,Dec 2025,202512,Wednesday
366,2026-01-01,2026,Q1 2026,2026-01,Jan 2026,202601,Thursday
367,2026-01-02,2026,Q1 2026,2026-01,Jan 2026,202601,Friday
368,2026-01-03,2026,Q1 2026,2026-01,Jan 2026,202601,Saturday
369,2026-01-04,2026,Q1 2026,2026-01,Jan 2026,202601,Sunday
370,2026-01-05,2026,Q1 2026,2026-01,Jan 2026,202601,Monday
371,2026-01-06,2026,Q1 2026,2026-01,Jan 2026,202601,Tuesday
372,2026-01-07,2026,Q1 2026,2026-01,Jan 2026,202601,Wednesday
373,2026-01-08,2026,Q1 2026,2026-01,Jan 2026,202601,Thursday
374,2026-01-09,2026,Q1 2026,2026-01,Jan 2026,202601,Friday
375,2026-01-10,2026,Q1 2026,2026-01,Jan 2026,202601,Saturday
376,2026-01-11,2026,Q1 2026,2026-01,Jan 2026,202601,Sunday
377,2026-01-12,2026,Q1 2026,2026-01,Jan 2026,202601,Monday
378,2026-01-13,2026,Q1 2026,2026-01,Jan 2026,202601,Tuesday
379,2026-01-14,2026,Q1 2026,2026-01,Jan 2026,202601,Wednesday
380,2026-01-15,2026,Q1 2026,2026-01,Jan 2026,202601,Thursday
381,2026-01-16,2026,Q1 2026,2026-01,Jan 2026,202601,Friday
382,2026-01-17,2026,Q1 2026,2026-01,Jan 2026,202601,Saturday
383,2026-01-18,2026,Q1 2026,2026-01,Jan 2026,202601,Sunday
384,2026-01-19,2026,Q1 2026,2026-01,Jan 2026,202601,Monday
385,2026-01-20,2026,Q1 2026,2026-01,Jan 2026,202601,Tuesday
386,2026-01-21,2026,Q1 2026,2026-01,Jan 2026,202601,Wednesday
387,2026-01-22,2026,Q1 2026,2026-01,Jan 2026,202601,Thursday
388,2026-01-23,2026,Q1 2026,2026-01,Jan 2026,202601,Friday
389,2026-01-24,2026,Q1 2026,2026-01,Jan 2026,202601,Saturday
390,2026-01-25,2026,Q1 2026,2026-01,Jan 2026,202601,Sunday
391,2026-01-26,2026,Q1 2026,2026-01,Jan 2026,202601,Monday
392,2026-01-27,2026,Q1 2026,2026-01,Jan 2026,202601,Tuesday
393,2026-01-28,2026,Q1 2026,2026-01,Jan 2026,202601,Wednesday
394,2026-01-29,2026,Q1 2026,2026-01,Jan 2026,202601,Thursday
395,2026-01-30,2026,Q1 2026,2026-01,Jan 2026,202601,Friday
396,2026-01-31,2026,Q1 2026,2026-01,Jan 2026,202601,Saturday
397,2026-02-01,2026,Q1 2026,2026-02,Feb 2026,202602,Sunday
398,2026-02-02,2026,Q1 2026,2026-02,Feb 2026,202602,Monday
399,2026-02-03,2026,Q1 2026,2026-02,Feb 2026,202602,Tuesday
400,2026-02-04,2026,Q1 2026,2026-02,Feb 2026,202602,Wednesday
401,2026-02-05,2026,Q1 2026,2026-02,Feb 2026,202602,Thursday
402,2026-02-06,2026,Q1 2026,2026-02,Feb 2026,202602,Friday
403,2026-02-07,2026,Q1 2026,2026-02,Feb 2026,202602,Saturday
404,2026-02-08,2026,Q1 2026,2026-02,Feb 2026,202602,Sunday
405,2026-02-09,2026,Q1 2026,2026-02,Feb 2026,202602,Monday
406,2026-02-10,2026,Q1 2026,2026-02,Feb 2026,202602,Tuesday
407,2026-02-11,2026,Q1 2026,2026-02,Feb 2026,202602,Wednesday
408,2026-02-12,2026,Q1 2026,2026-02,Feb 2026,202602,Thursday
409,2026-02-13,2026,Q1 2026,2026-02,Feb 2026,202602,Friday
410,2026-02-14,2026,Q1 2026,2026-02,Feb 2026,202602,Saturday
411,2026-02-15,2026,Q1 2026,2026-02,Feb 2026,202602,Sunday
412,2026-02-16,2026,Q1 2026,2026-02,Feb 2026,202602,Monday
413,2026-02-17,2026,Q1 2026,2026-02,Feb 2026,202602,Tuesday
414,2026-02-18,2026,Q1 2026,2026-02,Feb 2026,202602,Wednesday
415,2026-02-19,2026,Q1 2026,2026-02,Feb 2026,202602,Thursday
416,2026-02-20,2026,Q1 2026,2026-02,Feb 2026,202602,Friday
417,2026-02-21,2026,Q1 2026,2026-02,Feb 2026,202602,Saturday
418,2026-02-22,2026,Q1 2026,2026-02,Feb 2026,202602,Sunday
419,2026-02-23,2026,Q1 2026,2026-02,Feb 2026,202602,Monday
420,2026-02-24,2026,Q1 2026,2026-02,Feb 2026,202602,Tuesday
421,2026-02-25,2026,Q1 2026,2026-02,Feb 2026,202602,Wednesday
422,2026-02-26,2026,Q1 2026,2026-02,Feb 2026,202602,Thursday
423,2026-02-27,2026,Q1 2026,2026-02,Feb 2026,202602,Friday
424,2026-02-28,2026,Q1 2026,2026-02,Feb 2026,202602,Saturday
425,2026-03-01,2026,Q1 2026,2026-03,Mar 2026,202603,Sunday
426,2026-03-02,2026,Q1 2026,2026-03,Mar 2026,202603,Monday
427,2026-03-03,2026,Q1 2026,2026-03,Mar 2026,202603,Tuesday
428,2026-03-04,2026,Q1 2026,2026-03,Mar 2026,202603,Wednesday
429,2026-03-05,2026,Q1 2026,2026-03,Mar 2026,202603,Thursday
430,2026-03-06,2026,Q1 2026,2026-03,Mar 2026,202603,Friday
431,2026-03-07,2026,Q1 2026,2026-03,Mar 2026,202603,Saturday
432,2026-03-08,2026,Q1 2026,2026-03,Mar 2026,202603,Sunday
433,2026-03-09,2026,Q1 2026,2026-03,Mar 2026,202603,Monday
434,2026-03-10,2026,Q1 2026,2026-03,Mar 2026,202603,Tuesday
435,2026-03-11,2026,Q1 2026,2026-03,Mar 2026,202603,Wednesday
436,2026-03-12,2026,Q1 2026,2026-03,Mar 2026,202603,Thursday
437,2026-03-13,2026,Q1 2026,2026-03,Mar 2026,202603,Friday
438,2026-03-14,2026,Q1 2026,2026-03,Mar 2026,202603,Saturday
439,2026-03-15,2026,Q1 2026,2026-03,Mar 2026,202603,Sunday
440,2026-03-16,2026,Q1 2026,2026-03,Mar 2026,202603,Monday
441,2026-03-17,2026,Q1 2026,2026-03,Mar 2026,202603,Tuesday
442,2026-03-18,2026,Q1 2026,2026-03,Mar 2026,202603,Wednesday
443,2026-03-19,2026,Q1 2026,2026-03,Mar 2026,202603,Thursday
444,2026-03-20,2026,Q1 2026,2026-03,Mar 2026,202603,Friday
445,2026-03-21,2026,Q1 2026,2026-03,Mar 2026,202603,Saturday
446,2026-03-22,2026,Q1 2026,2026-03,Mar 2026,202603,Sunday
447,2026-03-23,2026,Q1 2026,2026-03,Mar 2026,202603,Monday
448,2026-03-24,2026,Q1 2026,2026-03,Mar 2026,202603,Tuesday
449,2026-03-25,2026,Q1 2026,2026-03,Mar 2026,202603,Wednesday
450,2026-03-26,2026,Q1 2026,2026-03,Mar 2026,202603,Thursday
451,2026-03-27,2026,Q1 2026,2026-03,Mar 2026,202603,Friday
452,2026-03-28,2026,Q1 2026,2026-03,Mar 2026,202603,Saturday
453,2026-03-29,2026,Q1 2026,2026-03,Mar 2026,202603,Sunday
454,2026-03-30,2026,Q1 2026,2026-03,Mar 2026,202603,Monday
455,2026-03-31,2026,Q1 2026,2026-03,Mar 2026,202603,Tuesday
456,2026-04-01,2026,Q2 2026,2026-04,Apr 2026,202604,Wednesday
457,2026-04-02,2026,Q2 2026,2026-04,Apr 2026,202604,Thursday
458,2026-04-03,2026,Q2 2026,2026-04,Apr 2026,202604,Friday
459,2026-04-04,2026,Q2 2026,2026-04,Apr 2026,202604,Saturday
460,2026-04-05,2026,Q2 2026,2026-04,Apr 2026,202604,Sunday
461,2026-04-06,2026,Q2 2026,2026-04,Apr 2026,202604,Monday
462,2026-04-07,2026,Q2 2026,2026-04,Apr 2026,202604,Tuesday
463,2026-04-08,2026,Q2 2026,2026-04,Apr 2026,202604,Wednesday
464,2026-04-09,2026,Q2 2026,2026-04,Apr 2026,202604,Thursday
465,2026-04-10,2026,Q2 2026,2026-04,Apr 2026,202604,Friday
466,2026-04-11,2026,Q2 2026,2026-04,Apr 2026,202604,Saturday
467,2026-04-12,2026,Q2 2026,2026-04,Apr 2026,202604,Sunday
468,2026-04-13,2026,Q2 2026,2026-04,Apr 2026,202604,Monday
469,2026-04-14,2026,Q2 2026,2026-04,Apr 2026,202604,Tuesday
470,2026-04-15,2026,Q2 2026,2026-04,Apr 2026,202604,Wednesday
471,2026-04-16,2026,Q2 2026,2026-04,Apr 2026,202604,Thursday
472,2026-04-17,2026,Q2 2026,2026-04,Apr 2026,202604,Friday
473,2026-04-18,2026,Q2 2026,2026-04,Apr 2026,202604,Saturday
474,2026-04-19,2026,Q2 2026,2026-04,Apr 2026,202604,Sunday
475,2026-04-20,2026,Q2 2026,2026-04,Apr 2026,202604,Monday
476,2026-04-21,2026,Q2 2026,2026-04,Apr 2026,202604,Tuesday
477,2026-04-22,2026,Q2 2026,2026-04,Apr 2026,202604,Wednesday
478,2026-04-23,2026,Q2 2026,2026-04,Apr 2026,202604,Thursday
479,2026-04-24,2026,Q2 2026,2026-04,Apr 2026,202604,Friday
480,2026-04-25,2026,Q2 2026,2026-04,Apr 2026,202604,Saturday
481,2026-04-26,2026,Q2 2026,2026-04,Apr 2026,202604,Sunday
482,2026-04-27,2026,Q2 2026,2026-04,Apr 2026,202604,Monday
483,2026-04-28,2026,Q2 2026,2026-04,Apr 2026,202604,Tuesday
484,2026-04-29,2026,Q2 2026,2026-04,Apr 2026,202604,Wednesday
485,2026-04-30,2026,Q2 2026,2026-04,Apr 2026,202604,Thursday
486,2026-05-01,2026,Q2 2026,2026-05,May 2026,202605,Friday
487,2026-05-02,2026,Q2 2026,2026-05,May 2026,202605,Saturday
488,2026-05-03,2026,Q2 2026,2026-05,May 2026,202605,Sunday
489,2026-05-04,2026,Q2 2026,2026-05,May 2026,202605,Monday
490,2026-05-05,2026,Q2 2026,2026-05,May 2026,202605,Tuesday
491,2026-05-06,2026,Q2 2026,2026-05,May 2026,202605,Wednesday
492,2026-05-07,2026,Q2 2026,2026-05,May 2026,202605,Thursday
493,2026-05-08,2026,Q2 2026,2026-05,May 2026,202605,Friday
494,2026-05-09,2026,Q2 2026,2026-05,May 2026,202605,Saturday
495,2026-05-10,2026,Q2 2026,2026-05,May 2026,202605,Sunday
496,2026-05-11,2026,Q2 2026,2026-05,May 2026,202605,Monday
497,2026-05-12,2026,Q2 2026,2026-05,May 2026,202605,Tuesday
498,2026-05-13,2026,Q2 2026,2026-05,May 2026,202605,Wednesday
499,2026-05-14,2026,Q2 2026,2026-05,May 2026,202605,Thursday
500,2026-05-15,2026,Q2 2026,2026-05,May 2026,202605,Friday
501,2026-05-16,2026,Q2 2026,2026-05,May 2026,202605,Saturday
502,2026-05-17,2026,Q2 2026,2026-05,May 2026,202605,Sunday
503,2026-05-18,2026,Q2 2026,2026-05,May 2026,202605,Monday
504,2026-05-19,2026,Q2 2026,2026-05,May 2026,202605,Tuesday
505,2026-05-20,2026,Q2 2026,2026-05,May 2026,202605,Wednesday
506,2026-05-21,2026,Q2 2026,2026-05,May 2026,202605,Thursday
507,2026-05-22,2026,Q2 2026,2026-05,May 2026,202605,Friday
508,2026-05-23,2026,Q2 2026,2026-05,May 2026,202605,Saturday
509,2026-05-24,2026,Q2 2026,2026-05,May 2026,202605,Sunday
510,2026-05-25,2026,Q2 2026,2026-05,May 2026,202605,Monday
511,2026-05-26,2026,Q2 2026,2026-05,May 2026,202605,Tuesday
512,2026-05-27,2026,Q2 2026,2026-05,May 2026,202605,Wednesday
513,2026-05-28,2026,Q2 2026,2026-05,May 2026,202605,Thursday
514,2026-05-29,2026,Q2 2026,2026-05,May 2026,202605,Friday
515,2026-05-30,2026,Q2 2026,2026-05,May 2026,202605,Saturday
516,2026-05-31,2026,Q2 2026,2026-05,May 2026,202605,Sunday
517,2026-06-01,2026,Q2 2026,2026-06,Jun 2026,202606,Monday
518,2026-06-02,2026,Q2 2026,2026-06,Jun 2026,202606,Tuesday
519,2026-06-03,2026,Q2 2026,2026-06,Jun 2026,202606,Wednesday
520,2026-06-04,2026,Q2 2026,2026-06,Jun 2026,202606,Thursday
521,2026-06-05,2026,Q2 2026,2026-06,Jun 2026,202606,Friday
522,2026-06-06,2026,Q2 2026,2026-06,Jun 2026,202606,Saturday
523,2026-06-07,2026,Q2 2026,2026-06,Jun 2026,202606,Sunday
524,2026-06-08,2026,Q2 2026,2026-06,Jun 2026,202606,Monday
525,2026-06-09,2026,Q2 2026,2026-06,Jun 2026,202606,Tuesday
526,2026-06-10,2026,Q2 2026,2026-06,Jun 2026,202606,Wednesday
527,2026-06-11,2026,Q2 2026,2026-06,Jun 2026,202606,Thursday
528,2026-06-12,2026,Q2 2026,2026-06,Jun 2026,202606,Friday
529,2026-06-13,2026,Q2 2026,2026-06,Jun 2026,202606,Saturday
530,2026-06-14,2026,Q2 2026,2026-06,Jun 2026,202606,Sunday
531,2026-06-15,2026,Q2 2026,2026-06,Jun 2026,202606,Monday
532,2026-06-16,2026,Q2 2026,2026-06,Jun 2026,202606,Tuesday
533,2026-06-17,2026,Q2 2026,2026-06,Jun 2026,202606,Wednesday
534,2026-06-18,2026,Q2 2026,2026-06,Jun 2026,202606,Thursday
535,2026-06-19,2026,Q2 2026,2026-06,Jun 2026,202606,Friday
536,2026-06-20,2026,Q2 2026,2026-06,Jun 2026,202606,Saturday
537,2026-06-21,2026,Q2 2026,2026-06,Jun 2026,202606,Sunday
538,2026-06-22,2026,Q2 2026,2026-06,Jun 2026,202606,Monday
539,2026-06-23,2026,Q2 2026,2026-06,Jun 2026,202606,Tuesday
540,2026-06-24,2026,Q2 2026,2026-06,Jun 2026,202606,Wednesday
541,2026-06-25,2026,Q2 2026,2026-06,Jun 2026,202606,Thursday
542,2026-06-26,2026,Q2 2026,2026-06,Jun 2026,202606,Friday
543,2026-06-27,2026,Q2 2026,2026-06,Jun 2026,202606,Saturday
544,2026-06-28,2026,Q2 2026,2026-06,Jun 2026,202606,Sunday
545,2026-06-29,2026,Q2 2026,2026-06,Jun 2026,202606,Monday
546,2026-06-30,2026,Q2 2026,2026-06,Jun 2026,202606,Tuesday
547,2026-07-01,2026,Q3 2026,2026-07,Jul 2026,202607,Wednesday
548,2026-07-02,2026,Q3 2026,2026-07,Jul 2026,202607,Thursday
549,2026-07-03,2026,Q3 2026,2026-07,Jul 2026,202607,Friday
550,2026-07-04,2026,Q3 2026,2026-07,Jul 2026,202607,Saturday
551,2026-07-05,2026,Q3 2026,2026-07,Jul 2026,202607,Sunday
552,2026-07-06,2026,Q3 2026,2026-07,Jul 2026,202607,Monday
553,2026-07-07,2026,Q3 2026,2026-07,Jul 2026,202607,Tuesday
554,2026-07-08,2026,Q3 2026,2026-07,Jul 2026,202607,Wednesday
555,2026-07-09,2026,Q3 2026,2026-07,Jul 2026,202607,Thursday
556,2026-07-10,2026,Q3 2026,2026-07,Jul 2026,202607,Friday
557,2026-07-11,2026,Q3 2026,2026-07,Jul 2026,202607,Saturday
558,2026-07-12,2026,Q3 2026,2026-07,Jul 2026,202607,Sunday
559,2026-07-13,2026,Q3 2026,2026-07,Jul 2026,202607,Monday
560,2026-07-14,2026,Q3 2026,2026-07,Jul 2026,202607,Tuesday
561,2026-07-15,2026,Q3 2026,2026-07,Jul 2026,202607,Wednesday
562,2026-07-16,2026,Q3 2026,2026-07,Jul 2026,202607,Thursday
563,2026-07-17,2026,Q3 2026,2026-07,Jul 2026,202607,Friday
564,2026-07-18,2026,Q3 2026,2026-07,Jul 2026,202607,Saturday
565,2026-07-19,2026,Q3 2026,2026-07,Jul 2026,202607,Sunday
566,2026-07-20,2026,Q3 2026,2026-07,Jul 2026,202607,Monday
