id,style_name,category,gender,material_family,unit_weight_kg,list_price,recycled_content_pct,circularity_score,take_back_eligible
3,body,SLIPPER,UNISEX,Natural Rubber,1.37,162.46,35.06,90,FALSE
6,simple,SNEAKER,UNISEX,Chrome-free Leather,0.47,97.24,65.59,89,FALSE
9,cell,FORMAL,MENS,Apple Leather,0.79,39.52,77.41,93,TRUE
12,office,BOOT,WOMENS,Organic Cotton,1.34,135.51,12.42,20,TRUE
15,question,RUNNING,MENS,Natural Rubber,1.19,186.78,0.11,61,TRUE
18,start,SANDAL,UNISEX,Organic Cotton,1.59,69.0,53.05,1,FALSE
21,safe,SNEAKER,MENS,Natural Rubber,1.12,190.45,28.49,88,TRUE
24,court,SNEAKER,WOMENS,Bio-EVA,0.86,215.18,42.09,69,FALSE
27,at,RUNNING,MENS,Bio-EVA,0.77,146.37,20.32,19,FALSE
30,yet,SANDAL,WOMENS,Hemp Canvas,1.24,73.4,95.3,66,FALSE
33,finally,RUNNING,WOMENS,Recycled Nylon,0.6,72.04,77.33,73,FALSE
36,strong,SNEAKER,KIDS,Bio-EVA,1.39,159.02,11.94,86,FALSE
39,analysis,RUNNING,MENS,Cork,1.33,80.04,90.04,97,FALSE
42,force,SLIPPER,KIDS,Organic Cotton,0.74,48.22,23.15,66,TRUE
45,teacher,SANDAL,WOMENS,Bio-EVA,0.49,81.57,77.99,74,TRUE
48,environment,FORMAL,WOMENS,Hemp Canvas,1.56,122.21,4.9,38,TRUE
51,radio,BOOT,MENS,Algae Foam,0.71,209.68,2.18,8,TRUE
54,heavy,SNEAKER,WOMENS,Recycled Nylon,0.44,169.03,24.58,37,TRUE
57,anyone,FORMAL,MENS,Chrome-free Leather,0.62,105.96,21.9,99,TRUE
60,glass,SANDAL,UNISEX,Natural Rubber,1.11,208.3,69.76,75,TRUE
63,successful,SNEAKER,WOMENS,Hemp Canvas,1.5,216.3,32.36,2,TRUE
66,visit,BOOT,WOMENS,Apple Leather,1.23,234.06,78.7,28,FALSE
69,less,BOOT,KIDS,Organic Cotton,1.29,88.98,98.24,21,FALSE
72,group,RUNNING,MENS,Algae Foam,0.52,139.69,86.41,83,FALSE
75,role,FORMAL,MENS,Cork,1.18,166.54,43.42,6,TRUE
78,window,BOOT,MENS,Natural Rubber,0.43,74.87,29.18,10,TRUE
81,example,SNEAKER,MENS,Organic Cotton,1.2,208.72,41.4,96,FALSE
84,short,BOOT,MENS,Organic Cotton,1.31,75.3,98.44,27,FALSE
87,law,FORMAL,WOMENS,Hemp Canvas,1.11,203.15,11.25,19,TRUE
90,couple,SNEAKER,MENS,Hemp Canvas,0.45,225.81,33.15,30,TRUE
93,full,RUNNING,MENS,Natural Rubber,0.65,212.03,74.09,97,FALSE
96,generation,RUNNING,WOMENS,Chrome-free Leather,0.96,122.36,92.31,87,TRUE
99,follow,FORMAL,MENS,Hemp Canvas,0.72,125.0,2.01,99,FALSE
102,series,RUNNING,MENS,Recycled Rubber,1.1,40.54,99.94,47,FALSE
105,road,SANDAL,MENS,Recycled Rubber,1.22,190.47,65.54,37,TRUE
108,likely,FORMAL,WOMENS,Organic Cotton,0.55,93.32,80.83,97,FALSE
111,true,BOOT,MENS,Natural Rubber,0.54,181.95,52.98,52,TRUE
114,possible,SNEAKER,UNISEX,Natural Rubber,1.32,141.81,76.36,11,TRUE
117,purpose,FORMAL,WOMENS,Organic Cotton,1.0,103.28,6.53,5,TRUE
120,art,SNEAKER,UNISEX,Recycled Rubber,0.6,115.98,65.05,4,TRUE
123,public,RUNNING,MENS,Recycled Rubber,0.72,166.18,13.72,13,FALSE
126,must,SNEAKER,MENS,Recycled Nylon,1.4,179.49,14.91,11,FALSE
129,respond,FORMAL,UNISEX,Recycled PET,0.57,174.91,32.87,56,FALSE
132,character,SLIPPER,UNISEX,Organic Cotton,1.49,140.36,56.89,56,TRUE
135,resource,SANDAL,MENS,Natural Rubber,1.55,222.36,51.91,88,FALSE
138,already,RUNNING,WOMENS,Apple Leather,0.46,85.77,64.33,51,FALSE
141,eat,FORMAL,MENS,Recycled Rubber,0.95,110.58,82.53,28,FALSE
144,hit,FORMAL,MENS,TENCEL Lyocell,1.29,124.93,25.43,25,TRUE
147,our,RUNNING,MENS,Recycled PET,1.52,215.15,48.29,65,FALSE
150,class,RUNNING,WOMENS,Chrome-free Leather,1.24,196.17,29.89,89,FALSE
153,hospital,SANDAL,MENS,Algae Foam,1.53,188.13,67.42,68,TRUE
156,source,SNEAKER,UNISEX,Organic Cotton,1.44,194.29,86.48,95,FALSE
159,certain,FORMAL,MENS,Natural Rubber,1.16,188.0,36.77,75,FALSE
162,information,RUNNING,KIDS,Recycled PET,1.51,164.34,77.37,80,FALSE
165,family,RUNNING,WOMENS,Apple Leather,1.14,138.72,56.13,96,FALSE
168,agree,RUNNING,UNISEX,Cork,0.45,227.64,19.25,65,TRUE
171,money,SANDAL,WOMENS,Hemp Canvas,0.43,189.54,3.79,9,TRUE
174,white,SANDAL,WOMENS,Apple Leather,0.53,204.25,30.14,11,TRUE
177,everybody,SLIPPER,WOMENS,Recycled Nylon,0.57,47.77,57.27,50,FALSE
180,score,FORMAL,KIDS,Apple Leather,0.95,154.43,29.07,8,TRUE
183,population,SANDAL,KIDS,Natural Rubber,0.78,203.99,71.22,82,TRUE
186,whom,FORMAL,WOMENS,Recycled PET,0.42,145.51,3.12,74,FALSE
189,can,RUNNING,WOMENS,Natural Rubber,1.56,245.19,68.42,96,FALSE
192,back,RUNNING,MENS,Cork,0.46,244.92,32.41,90,FALSE
195,way,RUNNING,UNISEX,Recycled Nylon,0.41,224.23,43.99,29,TRUE
198,begin,SNEAKER,MENS,Organic Cotton,1.16,47.23,57.23,7,TRUE
201,through,SANDAL,UNISEX,Natural Rubber,1.19,94.55,72.42,43,FALSE
204,hand,SNEAKER,MENS,Organic Cotton,1.12,212.78,89.7,99,FALSE
207,oil,SANDAL,KIDS,Organic Cotton,1.12,153.18,25.78,0,FALSE
210,vote,BOOT,UNISEX,Chrome-free Leather,1.34,140.32,37.02,71,TRUE
213,coach,BOOT,WOMENS,Chrome-free Leather,1.16,207.92,82.33,60,FALSE
216,within,FORMAL,KIDS,Algae Foam,0.63,203.63,51.05,89,TRUE
219,contain,SANDAL,KIDS,Chrome-free Leather,1.56,97.07,60.64,24,TRUE
222,movie,SANDAL,UNISEX,Apple Leather,0.95,135.75,58.68,3,TRUE
225,deep,FORMAL,MENS,Chrome-free Leather,1.47,95.51,94.71,87,FALSE
228,economic,RUNNING,WOMENS,Cork,1.14,142.39,98.54,73,FALSE
231,agree,BOOT,MENS,Hemp Canvas,0.41,83.26,58.1,41,TRUE
234,page,BOOT,UNISEX,Hemp Canvas,1.36,155.62,85.63,25,TRUE
237,suggest,SNEAKER,WOMENS,Recycled Nylon,0.52,195.36,25.98,46,FALSE
240,population,FORMAL,MENS,Bio-EVA,1.16,69.42,16.76,43,TRUE
243,attorney,RUNNING,WOMENS,Recycled Nylon,0.55,88.27,25.16,95,FALSE
246,series,SNEAKER,WOMENS,Recycled Rubber,0.56,215.09,2.86,84,TRUE
249,never,RUNNING,UNISEX,Cork,0.67,57.81,30.79,52,TRUE
252,it,SNEAKER,UNISEX,Cork,0.7,189.14,64.6,48,TRUE
255,back,RUNNING,MENS,Cork,0.78,70.95,96.97,2,TRUE
258,quality,SLIPPER,WOMENS,TENCEL Lyocell,0.49,137.73,19.22,32,FALSE
261,man,SNEAKER,UNISEX,Hemp Canvas,1.06,64.65,48.12,38,TRUE
264,guy,RUNNING,WOMENS,Organic Cotton,0.51,168.92,93.08,97,FALSE
267,them,SNEAKER,MENS,Algae Foam,1.05,141.92,56.67,69,TRUE
270,push,RUNNING,MENS,Bio-EVA,0.48,242.1,81.9,24,FALSE
273,special,SANDAL,MENS,Algae Foam,1.24,92.75,36.64,77,FALSE
276,morning,SANDAL,UNISEX,Recycled PET,0.66,148.09,10.12,29,FALSE
279,around,RUNNING,MENS,Algae Foam,1.12,235.04,90.25,70,FALSE
282,national,SLIPPER,MENS,Algae Foam,1.59,102.39,30.03,28,TRUE
285,community,RUNNING,MENS,Algae Foam,0.66,55.21,32.47,61,TRUE
288,worry,SNEAKER,MENS,Recycled Rubber,0.41,202.26,38.25,39,FALSE
291,half,BOOT,WOMENS,Chrome-free Leather,0.5,144.38,77.38,16,FALSE
294,natural,SNEAKER,WOMENS,Recycled Rubber,1.32,74.54,34.97,56,FALSE
297,throughout,RUNNING,MENS,Bio-EVA,1.29,83.49,54.64,96,TRUE
300,debate,BOOT,MENS,Recycled Nylon,0.83,61.66,29.25,83,TRUE
303,face,SANDAL,WOMENS,Hemp Canvas,0.83,102.49,99.6,64,TRUE
306,floor,RUNNING,MENS,Cork,0.77,166.13,44.92,16,TRUE
309,better,FORMAL,WOMENS,Bio-EVA,1.46,191.69,76.54,52,FALSE
312,concern,SNEAKER,WOMENS,TENCEL Lyocell,0.56,216.69,46.88,83,TRUE
315,partner,RUNNING,WOMENS,Cork,0.7,124.02,4.18,94,FALSE
318,reason,SNEAKER,MENS,TENCEL Lyocell,1.56,78.87,43.96,38,FALSE
321,week,RUNNING,WOMENS,Cork,1.48,227.12,88.25,11,TRUE
324,thousand,SANDAL,KIDS,Algae Foam,1.19,70.52,86.88,22,FALSE
327,analysis,SNEAKER,MENS,Cork,0.89,55.68,60.01,31,FALSE
330,air,SNEAKER,WOMENS,Recycled Rubber,1.24,159.18,56.22,58,FALSE
333,put,SNEAKER,WOMENS,Algae Foam,1.58,150.08,8.77,92,FALSE
336,evidence,SNEAKER,WOMENS,Organic Cotton,0.96,206.31,73.75,26,FALSE
339,speak,SANDAL,MENS,Recycled PET,0.61,108.41,33.79,86,TRUE
342,prepare,SNEAKER,MENS,TENCEL Lyocell,1.47,113.26,96.96,35,FALSE
345,modern,SANDAL,WOMENS,Algae Foam,0.61,117.59,3.74,25,FALSE
348,offer,SNEAKER,MENS,Recycled Nylon,0.54,104.31,4.4,76,FALSE
351,five,SNEAKER,WOMENS,Apple Leather,1.07,60.5,54.25,70,TRUE
354,support,BOOT,MENS,Recycled Nylon,1.24,168.43,31.24,25,FALSE
357,into,RUNNING,WOMENS,Apple Leather,0.8,219.77,32.48,62,TRUE
360,baby,RUNNING,MENS,Algae Foam,1.57,119.6,34.07,88,FALSE
363,coach,SLIPPER,WOMENS,Organic Cotton,1.38,200.98,37.89,63,FALSE
366,member,SANDAL,MENS,Apple Leather,1.52,189.74,91.51,11,FALSE
369,grow,RUNNING,MENS,Chrome-free Leather,1.05,178.12,47.49,24,FALSE
372,form,FORMAL,UNISEX,Hemp Canvas,1.52,169.88,45.44,54,FALSE
375,from,RUNNING,MENS,Organic Cotton,1.28,245.55,98.37,99,TRUE
378,hair,FORMAL,MENS,Bio-EVA,0.82,244.33,29.46,21,TRUE
381,soon,SNEAKER,WOMENS,Bio-EVA,1.43,41.98,11.15,22,FALSE
384,or,RUNNING,MENS,Recycled Rubber,1.27,74.13,57.78,44,TRUE
387,effort,RUNNING,MENS,Apple Leather,1.22,47.61,91.77,81,TRUE
390,example,SLIPPER,WOMENS,Recycled PET,0.41,53.27,41.12,67,TRUE
393,chance,SANDAL,MENS,TENCEL Lyocell,0.62,62.28,18.43,37,TRUE
396,fill,SNEAKER,MENS,Cork,1.51,167.16,17.84,62,TRUE
399,treat,SNEAKER,MENS,Recycled Nylon,1.09,147.23,93.99,62,TRUE
402,energy,BOOT,MENS,Recycled Nylon,0.81,215.65,76.05,37,FALSE
405,collection,RUNNING,UNISEX,Recycled Rubber,1.0,241.64,81.18,2,TRUE
408,world,RUNNING,KIDS,Recycled PET,1.24,66.41,17.22,6,FALSE
411,form,SNEAKER,MENS,Algae Foam,0.79,241.59,21.32,5,FALSE
414,collection,SNEAKER,KIDS,Hemp Canvas,1.11,98.58,69.35,98,TRUE
417,manage,SNEAKER,KIDS,Apple Leather,1.14,220.17,98.68,64,TRUE
420,foot,SANDAL,WOMENS,Hemp Canvas,1.51,75.94,78.55,62,FALSE
423,believe,RUNNING,UNISEX,Organic Cotton,1.51,134.55,38.73,17,TRUE
426,mouth,FORMAL,MENS,Algae Foam,0.68,125.46,52.18,27,FALSE
429,dinner,RUNNING,MENS,Chrome-free Leather,1.37,185.3,9.8,63,TRUE
432,anything,SNEAKER,MENS,Natural Rubber,1.45,170.63,70.39,0,FALSE
435,miss,SNEAKER,MENS,Cork,0.45,115.95,64.82,90,TRUE
438,threat,SNEAKER,MENS,Cork,1.0,213.21,47.02,68,FALSE
441,many,BOOT,MENS,Recycled Nylon,1.02,170.73,29.32,87,FALSE
444,across,SANDAL,MENS,Bio-EVA,0.56,204.76,17.17,33,TRUE
447,lawyer,SNEAKER,KIDS,Algae Foam,0.93,116.63,20.52,90,TRUE
450,everything,SANDAL,MENS,Bio-EVA,1.53,244.94,57.37,18,FALSE
453,south,RUNNING,UNISEX,TENCEL Lyocell,0.63,56.55,84.95,86,FALSE
456,answer,SNEAKER,UNISEX,Cork,1.59,207.77,28.86,93,FALSE
459,over,RUNNING,MENS,Hemp Canvas,1.31,67.75,18.6,48,TRUE
462,him,RUNNING,MENS,Natural Rubber,0.54,97.22,99.43,8,FALSE
465,back,SNEAKER,WOMENS,Cork,1.49,113.76,28.99,67,FALSE
468,little,SNEAKER,WOMENS,Bio-EVA,1.33,125.52,92.09,20,TRUE
471,far,RUNNING,WOMENS,Chrome-free Leather,1.38,225.84,59.76,97,FALSE
474,response,RUNNING,WOMENS,Recycled PET,1.19,163.57,46.91,32,TRUE
477,career,SANDAL,MENS,Algae Foam,0.48,211.11,76.32,67,TRUE
480,hour,RUNNING,MENS,Chrome-free Leather,1.31,105.0,46.59,66,TRUE
483,open,SNEAKER,UNISEX,Cork,1.21,76.65,99.87,62,FALSE
486,someone,SANDAL,MENS,Bio-EVA,1.26,161.2,27.3,82,FALSE
489,play,SNEAKER,WOMENS,Recycled Rubber,0.79,102.58,62.32,97,TRUE
492,month,RUNNING,MENS,Cork,0.44,155.9,86.04,38,FALSE
495,American,RUNNING,MENS,TENCEL Lyocell,0.74,51.9,59.05,16,FALSE
498,goal,RUNNING,WOMENS,Recycled PET,0.79,135.79,86.34,72,FALSE
501,natural,SNEAKER,KIDS,Natural Rubber,1.16,243.56,7.53,68,TRUE
504,police,RUNNING,UNISEX,Cork,1.05,81.02,40.23,79,FALSE
507,challenge,FORMAL,MENS,Recycled PET,0.64,136.12,24.04,95,FALSE
510,position,SANDAL,MENS,Algae Foam,0.92,174.85,3.7,20,TRUE
513,increase,BOOT,UNISEX,Chrome-free Leather,1.41,215.98,23.6,73,FALSE
516,thousand,SNEAKER,WOMENS,Natural Rubber,0.73,124.76,86.29,7,TRUE
519,great,FORMAL,MENS,TENCEL Lyocell,0.69,155.07,30.93,89,TRUE
522,Mr,BOOT,UNISEX,TENCEL Lyocell,0.89,46.12,86.64,99,FALSE
525,section,BOOT,WOMENS,Cork,1.17,39.65,20.01,39,TRUE
528,may,SNEAKER,MENS,Natural Rubber,1.45,237.4,88.43,28,TRUE
531,home,SANDAL,MENS,Apple Leather,0.94,180.46,11.85,91,TRUE
534,break,SNEAKER,MENS,Natural Rubber,1.1,174.92,8.57,60,TRUE
537,foot,BOOT,UNISEX,Recycled PET,0.7,169.13,30.25,50,FALSE
540,share,SLIPPER,WOMENS,Chrome-free Leather,0.92,228.59,26.32,97,FALSE
543,professional,RUNNING,WOMENS,Recycled Nylon,0.99,131.72,98.88,71,TRUE
546,matter,BOOT,MENS,Recycled PET,1.32,181.15,88.74,3,TRUE
549,stay,SLIPPER,WOMENS,Hemp Canvas,1.28,240.05,56.92,27,FALSE
552,participant,BOOT,KIDS,Organic Cotton,0.76,207.23,73.59,39,FALSE
555,approach,RUNNING,KIDS,Hemp Canvas,1.18,188.86,93.07,67,FALSE
558,conference,RUNNING,WOMENS,Recycled Rubber,1.08,92.21,25.49,10,FALSE
561,set,SNEAKER,KIDS,Bio-EVA,1.21,130.1,1.79,50,TRUE
564,thought,SNEAKER,WOMENS,Recycled PET,1.56,219.39,20.92,83,TRUE
567,term,SNEAKER,MENS,Recycled Nylon,0.46,40.65,63.04,91,TRUE
570,almost,BOOT,MENS,Bio-EVA,1.18,225.72,11.69,79,FALSE
573,school,RUNNING,MENS,Apple Leather,1.18,114.65,47.23,20,FALSE
576,after,SNEAKER,UNISEX,Recycled Nylon,0.44,52.37,43.06,79,TRUE
579,kid,SLIPPER,UNISEX,Apple Leather,1.34,167.03,85.84,13,FALSE
582,rock,RUNNING,MENS,TENCEL Lyocell,0.69,208.92,34.13,64,TRUE
585,more,SNEAKER,WOMENS,Recycled PET,1.37,237.16,8.48,40,TRUE
588,wife,FORMAL,MENS,Bio-EVA,0.81,212.67,90.02,78,FALSE
591,thus,SANDAL,WOMENS,Apple Leather,0.74,58.49,55.18,66,TRUE
594,assume,FORMAL,MENS,Algae Foam,0.41,110.19,23.61,95,FALSE
597,natural,SANDAL,WOMENS,Organic Cotton,1.25,212.97,8.19,7,TRUE
600,garden,SNEAKER,WOMENS,Hemp Canvas,0.56,186.95,86.33,15,FALSE
603,never,SANDAL,WOMENS,Recycled Rubber,0.46,226.79,88.91,27,TRUE
606,consumer,SANDAL,MENS,Organic Cotton,1.27,57.76,62.48,79,TRUE
609,no,SNEAKER,MENS,Algae Foam,0.46,158.75,18.94,60,FALSE
612,health,SNEAKER,WOMENS,Algae Foam,0.86,58.12,97.98,69,TRUE
615,trip,SANDAL,WOMENS,Natural Rubber,1.3,162.07,49.3,96,FALSE
618,question,BOOT,MENS,Recycled Nylon,1.0,203.41,14.24,69,FALSE
621,everything,RUNNING,WOMENS,Recycled Rubber,1.1,146.17,4.55,94,FALSE
624,dark,SNEAKER,KIDS,Chrome-free Leather,0.95,164.9,1.59,88,TRUE
627,open,SNEAKER,KIDS,Chrome-free Leather,1.12,120.22,83.91,89,FALSE
630,year,SNEAKER,MENS,Hemp Canvas,1.13,40.5,98.43,81,TRUE
633,fight,SNEAKER,UNISEX,Recycled PET,1.56,181.32,61.45,87,FALSE
636,road,SNEAKER,MENS,Cork,0.41,79.87,8.18,73,FALSE
639,free,SNEAKER,MENS,Apple Leather,1.4,211.54,51.97,30,FALSE
642,opportunity,BOOT,WOMENS,Hemp Canvas,1.07,100.93,38.15,12,FALSE
645,stuff,SNEAKER,MENS,Recycled Rubber,1.41,228.92,12.6,65,TRUE
648,field,RUNNING,MENS,Recycled PET,1.1,181.44,5.73,64,FALSE
651,require,RUNNING,WOMENS,Cork,1.35,47.86,21.94,0,FALSE
654,war,SNEAKER,MENS,TENCEL Lyocell,0.45,45.23,19.78,22,TRUE
657,hair,RUNNING,MENS,Natural Rubber,1.03,206.79,62.32,55,FALSE
660,child,RUNNING,WOMENS,TENCEL Lyocell,1.45,217.82,96.84,62,TRUE
663,field,BOOT,MENS,TENCEL Lyocell,1.18,82.51,89.49,57,FALSE
666,half,RUNNING,MENS,TENCEL Lyocell,0.78,119.3,17.96,29,TRUE
669,reality,SANDAL,UNISEX,Natural Rubber,1.12,67.95,85.5,91,FALSE
672,measure,SANDAL,MENS,Algae Foam,1.34,198.1,72.25,59,TRUE
675,their,RUNNING,MENS,Chrome-free Leather,1.33,151.9,32.61,2,FALSE
678,worker,RUNNING,UNISEX,Organic Cotton,0.53,155.11,3.21,88,FALSE
681,expert,RUNNING,UNISEX,Chrome-free Leather,1.48,82.36,87.04,39,TRUE
684,power,FORMAL,MENS,Algae Foam,1.28,99.46,88.1,58,TRUE
687,education,FORMAL,WOMENS,Recycled Rubber,0.75,231.42,69.8,92,FALSE
690,relationship,RUNNING,WOMENS,Chrome-free Leather,0.63,46.93,25.06,90,FALSE
693,draw,SNEAKER,MENS,Recycled PET,0.73,131.54,17.79,91,TRUE
696,area,RUNNING,WOMENS,Organic Cotton,0.91,246.75,33.71,24,FALSE
699,give,SNEAKER,WOMENS,Natural Rubber,0.88,105.41,38.92,58,TRUE
702,black,SLIPPER,MENS,Hemp Canvas,1.57,184.68,33.2,81,FALSE
705,certain,SANDAL,UNISEX,Recycled Rubber,0.47,117.65,29.66,19,TRUE
708,woman,SANDAL,WOMENS,Natural Rubber,0.46,231.71,98.84,87,FALSE
711,read,SNEAKER,MENS,Bio-EVA,1.27,90.43,17.64,31,TRUE
714,unit,RUNNING,UNISEX,TENCEL Lyocell,1.51,163.99,15.28,93,TRUE
717,rather,SLIPPER,MENS,Cork,1.17,162.54,40.88,4,FALSE
720,field,RUNNING,KIDS,Chrome-free Leather,1.25,44.93,66.57,18,TRUE
723,race,SNEAKER,MENS,Hemp Canvas,1.0,150.97,88.67,75,TRUE
726,specific,SNEAKER,MENS,Algae Foam,1.19,192.94,17.06,47,TRUE
729,painting,BOOT,WOMENS,Organic Cotton,0.55,52.5,2.97,30,TRUE
732,single,BOOT,WOMENS,Hemp Canvas,0.81,105.2,23.96,46,FALSE
735,write,RUNNING,MENS,Recycled Rubber,0.97,125.76,18.79,81,FALSE
738,will,FORMAL,UNISEX,Hemp Canvas,0.75,79.97,14.32,66,FALSE
741,us,BOOT,WOMENS,Cork,1.26,72.65,92.9,49,FALSE
744,world,RUNNING,MENS,Hemp Canvas,0.86,173.84,56.19,55,FALSE
747,think,SANDAL,KIDS,Bio-EVA,0.84,181.65,79.66,66,FALSE
750,mission,RUNNING,MENS,Hemp Canvas,0.73,217.01,57.4,80,FALSE
753,smile,SLIPPER,MENS,Recycled Nylon,1.59,154.07,33.74,86,TRUE
756,figure,BOOT,MENS,Cork,0.98,227.42,20.98,95,TRUE
759,act,RUNNING,WOMENS,Cork,0.58,190.74,24.5,15,TRUE
762,player,SNEAKER,MENS,Recycled Nylon,0.67,162.24,98.73,61,TRUE
765,government,RUNNING,UNISEX,Cork,1.02,161.79,71.37,83,TRUE
768,put,SLIPPER,MENS,Chrome-free Leather,1.05,127.84,94.52,0,TRUE
771,minute,SNEAKER,WOMENS,TENCEL Lyocell,1.55,165.45,21.6,45,TRUE
774,center,SNEAKER,MENS,Recycled Rubber,1.38,166.04,41.97,19,TRUE
777,management,SNEAKER,KIDS,Natural Rubber,1.54,203.37,12.35,67,FALSE
780,table,RUNNING,MENS,Recycled Nylon,0.97,65.79,0.95,65,FALSE
783,commercial,SLIPPER,MENS,Hemp Canvas,1.51,87.04,63.56,11,FALSE
786,raise,SANDAL,MENS,Algae Foam,1.6,225.5,69.79,51,TRUE
789,cultural,FORMAL,MENS,Natural Rubber,0.49,215.28,51.37,6,TRUE
792,green,SLIPPER,MENS,Recycled Nylon,1.52,226.42,84.84,7,TRUE
795,out,BOOT,WOMENS,Chrome-free Leather,0.76,128.95,18.22,34,TRUE
798,data,SLIPPER,KIDS,Organic Cotton,0.99,143.07,68.17,16,TRUE
801,total,BOOT,WOMENS,Cork,0.74,56.35,42.9,79,TRUE
804,into,SNEAKER,WOMENS,Chrome-free Leather,0.73,79.36,14.62,2,FALSE
807,myself,RUNNING,WOMENS,Recycled PET,0.46,195.4,21.2,60,TRUE
810,institution,SNEAKER,WOMENS,Recycled Rubber,0.5,61.34,62.96,77,TRUE
813,crime,BOOT,WOMENS,Recycled Nylon,1.42,229.43,97.51,46,TRUE
816,game,RUNNING,MENS,Recycled Nylon,1.57,73.76,75.07,49,FALSE
819,according,SNEAKER,WOMENS,Algae Foam,0.75,173.32,94.2,35,FALSE
822,eat,BOOT,WOMENS,Recycled PET,1.38,212.03,21.93,35,TRUE
825,example,BOOT,UNISEX,TENCEL Lyocell,0.59,87.66,72.63,47,TRUE
828,pass,SNEAKER,KIDS,Apple Leather,0.52,149.62,72.68,1,FALSE
831,activity,RUNNING,MENS,Natural Rubber,0.98,157.2,44.43,20,TRUE
834,here,RUNNING,WOMENS,Apple Leather,1.22,183.22,71.49,14,TRUE
837,assume,FORMAL,MENS,Recycled Rubber,0.74,222.83,27.11,63,FALSE
840,make,SLIPPER,WOMENS,Organic Cotton,1.59,77.19,38.5,40,TRUE
843,into,BOOT,MENS,Hemp Canvas,1.24,88.39,0.29,2,TRUE
846,wind,SNEAKER,KIDS,Hemp Canvas,0.85,44.53,96.49,47,TRUE
849,score,FORMAL,MENS,Hemp Canvas,0.93,174.42,1.32,14,TRUE
852,road,SNEAKER,MENS,Apple Leather,1.29,123.08,5.6,50,TRUE
855,whom,SANDAL,WOMENS,Bio-EVA,1.05,52.72,59.71,96,FALSE
858,hold,RUNNING,WOMENS,Chrome-free Leather,0.83,66.2,67.47,42,TRUE
861,discuss,SANDAL,MENS,TENCEL Lyocell,0.59,241.37,51.63,93,FALSE
864,claim,RUNNING,UNISEX,Organic Cotton,1.44,153.9,96.89,100,FALSE
867,police,FORMAL,KIDS,Cork,0.84,99.19,40.9,79,FALSE
870,science,SNEAKER,UNISEX,Bio-EVA,0.59,122.85,7.3,49,FALSE
873,market,SANDAL,MENS,Bio-EVA,0.45,71.71,47.0,81,TRUE
876,suffer,RUNNING,WOMENS,Hemp Canvas,1.45,149.2,66.96,33,TRUE
879,discover,FORMAL,WOMENS,Hemp Canvas,1.09,69.37,66.41,93,FALSE
882,response,SLIPPER,WOMENS,Natural Rubber,1.57,127.24,54.61,21,FALSE
885,TV,SANDAL,MENS,Apple Leather,0.8,233.53,45.88,47,TRUE
888,never,RUNNING,MENS,TENCEL Lyocell,1.51,59.94,44.41,74,FALSE
891,score,RUNNING,WOMENS,Bio-EVA,1.46,94.54,83.85,53,FALSE
894,whose,RUNNING,WOMENS,Apple Leather,0.91,236.27,39.04,93,TRUE
897,assume,RUNNING,MENS,Recycled Rubber,0.43,187.59,92.06,10,FALSE
900,weight,SNEAKER,WOMENS,Recycled PET,1.58,221.06,11.09,76,TRUE
903,page,BOOT,MENS,Organic Cotton,0.76,228.76,65.97,80,FALSE
906,community,SNEAKER,WOMENS,Bio-EVA,0.66,191.83,93.98,34,TRUE
909,nature,SANDAL,MENS,Organic Cotton,0.65,190.63,43.35,57,TRUE
912,response,BOOT,KIDS,Chrome-free Leather,0.44,76.78,32.27,23,TRUE
915,past,SNEAKER,WOMENS,Recycled Rubber,1.46,219.58,7.48,82,TRUE
918,way,BOOT,WOMENS,Cork,0.56,242.04,3.7,68,FALSE
921,table,BOOT,KIDS,Recycled Nylon,1.53,60.58,22.4,1,TRUE
924,cause,SNEAKER,WOMENS,Recycled Rubber,1.37,95.68,17.03,17,FALSE
927,loss,SNEAKER,UNISEX,Hemp Canvas,0.82,214.46,24.24,82,FALSE
930,operation,BOOT,UNISEX,Organic Cotton,0.56,231.51,38.56,57,FALSE
933,surface,RUNNING,WOMENS,Organic Cotton,1.06,113.43,21.21,50,FALSE
936,age,SLIPPER,WOMENS,Recycled PET,0.44,94.9,6.58,12,TRUE
939,technology,FORMAL,MENS,Hemp Canvas,1.42,183.47,17.02,87,TRUE
942,discover,SNEAKER,WOMENS,TENCEL Lyocell,1.08,246.99,83.54,67,FALSE
945,answer,FORMAL,UNISEX,Recycled Rubber,0.54,183.01,72.82,2,TRUE
948,school,FORMAL,MENS,Apple Leather,1.03,94.71,67.91,42,TRUE
951,as,BOOT,MENS,Bio-EVA,1.07,73.15,48.68,8,FALSE
954,authority,SLIPPER,MENS,Organic Cotton,1.28,129.73,91.83,37,TRUE
957,almost,SNEAKER,WOMENS,Algae Foam,0.76,56.98,56.67,80,TRUE
960,couple,SANDAL,WOMENS,Organic Cotton,1.49,204.19,58.03,47,TRUE
963,space,SNEAKER,WOMENS,Cork,0.8,51.78,74.05,86,FALSE
966,race,SNEAKER,MENS,Organic Cotton,0.52,81.9,47.37,64,TRUE
969,vote,BOOT,WOMENS,Hemp Canvas,1.06,138.99,29.0,85,TRUE
972,true,SNEAKER,UNISEX,Apple Leather,0.96,190.84,27.69,20,TRUE
975,huge,RUNNING,KIDS,Recycled Rubber,0.85,138.07,65.9,73,FALSE
978,result,SANDAL,KIDS,TENCEL Lyocell,1.28,88.69,89.98,22,FALSE
981,notice,BOOT,MENS,Natural Rubber,0.99,181.56,22.55,94,TRUE
984,trade,FORMAL,MENS,Cork,1.4,158.78,47.37,45,TRUE
987,could,SNEAKER,UNISEX,Chrome-free Leather,0.83,222.21,15.79,36,TRUE
990,newspaper,SANDAL,WOMENS,Algae Foam,1.28,233.08,66.33,7,TRUE
993,dog,RUNNING,WOMENS,Chrome-free Leather,0.97,203.12,87.64,29,TRUE
996,something,FORMAL,KIDS,Chrome-free Leather,0.63,130.67,5.79,29,TRUE
999,major,SNEAKER,WOMENS,Recycled Rubber,0.97,64.7,7.68,32,FALSE
1002,off,RUNNING,MENS,Apple Leather,0.98,55.47,91.2,66,TRUE
1005,hundred,SNEAKER,WOMENS,Recycled Rubber,0.99,220.18,38.47,5,TRUE
1008,end,SANDAL,MENS,Cork,1.28,193.44,5.71,13,FALSE
1011,clear,BOOT,WOMENS,Apple Leather,1.33,101.12,57.11,4,FALSE
1014,write,SANDAL,WOMENS,Recycled PET,1.53,97.05,61.03,40,FALSE
1017,southern,BOOT,WOMENS,Apple Leather,1.59,243.81,1.61,45,FALSE
1020,table,RUNNING,KIDS,Recycled Nylon,0.85,236.92,29.41,3,TRUE
1023,possible,RUNNING,KIDS,Recycled PET,0.49,235.46,22.46,64,FALSE
1026,use,SLIPPER,WOMENS,Bio-EVA,1.57,184.55,44.5,52,TRUE
1029,effect,SNEAKER,WOMENS,Bio-EVA,0.5,127.41,98.32,73,TRUE
1032,blood,FORMAL,KIDS,Recycled Nylon,0.83,123.49,55.69,91,TRUE
1035,likely,SANDAL,MENS,Recycled Rubber,1.38,145.97,15.23,0,FALSE
1038,score,RUNNING,UNISEX,Apple Leather,0.45,237.46,88.24,93,TRUE
1041,election,SNEAKER,WOMENS,Recycled Nylon,1.31,44.74,90.25,69,FALSE
1044,interest,RUNNING,WOMENS,Organic Cotton,0.73,179.43,96.84,10,FALSE
1047,notice,BOOT,UNISEX,Recycled Rubber,1.54,170.73,24.59,75,TRUE
1050,treat,SNEAKER,WOMENS,Cork,0.72,118.86,58.39,81,TRUE
1053,challenge,RUNNING,MENS,Natural Rubber,0.91,76.0,95.63,84,TRUE
1056,east,RUNNING,MENS,Cork,0.88,230.6,26.83,93,TRUE
1059,sign,SANDAL,KIDS,TENCEL Lyocell,1.06,176.54,51.86,46,FALSE
1062,participant,SANDAL,WOMENS,Bio-EVA,0.43,171.63,68.81,4,TRUE
1065,remember,BOOT,MENS,TENCEL Lyocell,1.43,203.8,42.52,95,TRUE
1068,economic,SLIPPER,UNISEX,Hemp Canvas,0.94,160.35,2.49,98,TRUE
1071,character,BOOT,WOMENS,TENCEL Lyocell,0.7,104.41,33.79,19,TRUE
1074,do,SNEAKER,MENS,Chrome-free Leather,1.31,73.04,74.81,21,TRUE
1077,face,RUNNING,UNISEX,Algae Foam,0.6,99.94,68.5,78,FALSE
1080,perhaps,SNEAKER,MENS,Algae Foam,0.8,51.83,46.87,20,TRUE
1083,which,SNEAKER,WOMENS,Natural Rubber,1.08,65.61,52.23,82,FALSE
1086,respond,FORMAL,WOMENS,Recycled Nylon,0.46,146.46,43.97,85,TRUE
1089,mission,SANDAL,MENS,Cork,1.35,182.93,55.79,55,FALSE
1092,year,SNEAKER,MENS,Bio-EVA,1.49,231.32,50.28,1,FALSE
1095,I,FORMAL,UNISEX,TENCEL Lyocell,0.45,45.06,89.43,19,FALSE
1098,from,RUNNING,MENS,Recycled Nylon,1.1,237.3,51.63,85,TRUE
1101,issue,BOOT,WOMENS,Cork,1.4,57.08,93.03,11,TRUE
1104,however,SANDAL,WOMENS,Chrome-free Leather,0.74,97.58,56.5,52,TRUE
1107,note,RUNNING,WOMENS,Hemp Canvas,0.82,209.29,79.63,26,TRUE
1110,time,BOOT,UNISEX,Bio-EVA,0.53,114.37,90.1,20,TRUE
1113,toward,RUNNING,WOMENS,Hemp Canvas,0.76,242.86,87.74,97,FALSE
1116,sure,BOOT,UNISEX,Recycled PET,0.51,205.5,14.15,44,TRUE
1119,article,RUNNING,MENS,Hemp Canvas,1.5,179.37,83.13,90,TRUE
1122,keep,FORMAL,WOMENS,Natural Rubber,0.83,144.31,0.16,76,FALSE
1125,center,RUNNING,MENS,Organic Cotton,1.37,111.72,73.27,83,FALSE
1128,especially,SANDAL,MENS,Recycled Nylon,1.57,62.45,17.88,54,FALSE
1131,radio,FORMAL,MENS,Bio-EVA,0.8,101.19,81.92,69,TRUE
1134,listen,RUNNING,MENS,Recycled Rubber,1.5,228.75,93.23,67,FALSE
1137,best,BOOT,UNISEX,Recycled Nylon,0.92,63.45,19.16,33,FALSE
1140,themselves,SNEAKER,MENS,Recycled PET,0.9,66.25,26.71,76,FALSE
1143,executive,RUNNING,UNISEX,Organic Cotton,1.43,143.78,53.22,21,FALSE
1146,point,SNEAKER,WOMENS,Cork,1.59,43.92,97.34,71,FALSE
1149,TV,RUNNING,WOMENS,Recycled Nylon,0.73,200.8,63.03,85,FALSE
1152,summer,BOOT,MENS,Organic Cotton,1.1,126.8,41.83,24,FALSE
1155,shake,RUNNING,WOMENS,Recycled Nylon,0.95,190.84,23.93,60,FALSE
1158,director,FORMAL,WOMENS,Hemp Canvas,0.48,196.21,68.2,52,FALSE
1161,true,SANDAL,WOMENS,Chrome-free Leather,1.51,171.15,44.0,100,TRUE
1164,floor,RUNNING,WOMENS,Bio-EVA,0.75,132.38,78.74,89,TRUE
1167,development,SANDAL,WOMENS,Recycled Rubber,1.43,93.03,22.79,27,FALSE
1170,site,FORMAL,MENS,Cork,0.86,179.44,6.48,28,TRUE
1173,somebody,BOOT,MENS,Organic Cotton,0.8,53.11,55.33,68,FALSE
1176,eight,SNEAKER,WOMENS,TENCEL Lyocell,0.48,228.66,52.26,7,TRUE
1179,score,BOOT,UNISEX,Organic Cotton,1.46,202.25,19.48,81,FALSE
1182,whole,RUNNING,KIDS,Apple Leather,0.99,106.03,97.44,60,TRUE
1185,fund,BOOT,KIDS,Natural Rubber,1.21,106.99,19.19,50,FALSE
1188,husband,RUNNING,UNISEX,Cork,0.91,121.64,41.71,97,FALSE
1191,range,SNEAKER,WOMENS,Algae Foam,1.43,61.44,24.31,41,FALSE
1194,every,SNEAKER,MENS,Recycled Nylon,0.49,244.21,73.24,19,FALSE
1197,us,SLIPPER,WOMENS,TENCEL Lyocell,1.3,84.11,32.13,29,TRUE
1200,billion,RUNNING,WOMENS,Algae Foam,1.36,204.93,49.2,73,TRUE
1203,manager,RUNNING,UNISEX,Apple Leather,0.58,108.39,18.17,73,TRUE
1206,front,RUNNING,MENS,TENCEL Lyocell,1.09,113.48,88.03,73,TRUE
1209,hospital,SNEAKER,KIDS,Natural Rubber,0.83,67.84,89.89,56,TRUE
1212,answer,SNEAKER,WOMENS,Apple Leather,1.29,114.26,99.54,53,TRUE
1215,do,SLIPPER,WOMENS,Recycled Rubber,0.87,137.99,95.13,35,FALSE
1218,admit,RUNNING,WOMENS,Algae Foam,0.58,208.98,66.87,46,FALSE
1221,worry,RUNNING,MENS,Algae Foam,0.59,42.14,89.72,11,TRUE
1224,service,SNEAKER,MENS,TENCEL Lyocell,1.09,65.42,51.47,18,TRUE
1227,claim,SNEAKER,MENS,Recycled Rubber,1.1,235.27,3.42,49,FALSE
1230,drug,RUNNING,WOMENS,Cork,1.29,176.65,51.45,43,TRUE
1233,these,RUNNING,WOMENS,Algae Foam,0.75,222.39,30.7,55,FALSE
1236,oil,RUNNING,WOMENS,Algae Foam,1.05,184.68,99.72,21,TRUE
1239,reveal,SLIPPER,UNISEX,Cork,0.56,236.01,0.04,32,FALSE
1242,source,BOOT,WOMENS,Chrome-free Leather,0.67,238.3,14.04,51,TRUE
1245,several,BOOT,WOMENS,Recycled Nylon,1.31,190.2,87.52,5,TRUE
1248,military,SANDAL,MENS,Recycled PET,0.53,200.69,84.23,93,TRUE
1251,significant,BOOT,MENS,Recycled Rubber,1.44,179.19,4.21,13,FALSE
1254,condition,RUNNING,KIDS,TENCEL Lyocell,1.15,202.3,66.91,3,TRUE
1257,office,BOOT,MENS,TENCEL Lyocell,0.59,156.28,86.35,82,TRUE
1260,whom,RUNNING,WOMENS,Chrome-free Leather,0.72,187.55,35.06,56,FALSE
1263,quality,FORMAL,MENS,Bio-EVA,1.26,150.89,39.68,49,TRUE
1266,along,SNEAKER,MENS,Natural Rubber,0.41,90.17,2.08,78,TRUE
1269,bad,RUNNING,KIDS,Natural Rubber,1.05,55.18,69.32,41,FALSE
1272,relate,SNEAKER,WOMENS,Recycled Nylon,0.95,130.95,59.11,8,FALSE
1275,according,SANDAL,KIDS,Apple Leather,0.66,133.94,53.84,86,TRUE
1278,thousand,RUNNING,WOMENS,Natural Rubber,1.58,201.48,98.96,23,TRUE
1281,author,SNEAKER,WOMENS,Bio-EVA,0.64,112.75,64.72,10,TRUE
1284,act,FORMAL,KIDS,Natural Rubber,1.15,77.18,21.84,44,TRUE
1287,lose,RUNNING,WOMENS,Chrome-free Leather,0.62,147.88,90.02,63,TRUE
1290,prepare,SNEAKER,WOMENS,Apple Leather,0.98,216.16,65.97,96,FALSE
1293,world,RUNNING,WOMENS,Recycled PET,0.53,156.86,60.97,39,TRUE
1296,meeting,RUNNING,WOMENS,Algae Foam,1.39,182.67,43.38,65,FALSE
1299,admit,SNEAKER,WOMENS,Recycled Nylon,1.19,231.2,33.08,22,FALSE
1302,ok,SNEAKER,MENS,Chrome-free Leather,0.9,97.4,90.11,99,TRUE
1305,adult,BOOT,KIDS,Chrome-free Leather,1.04,98.79,57.01,13,FALSE
1308,face,BOOT,MENS,Organic Cotton,1.12,47.62,93.36,98,FALSE
1311,adult,BOOT,WOMENS,Hemp Canvas,0.43,131.51,84.34,77,FALSE
1314,save,BOOT,UNISEX,TENCEL Lyocell,0.54,86.15,62.83,72,FALSE
1317,sure,FORMAL,WOMENS,Bio-EVA,1.28,241.24,38.85,32,FALSE
1320,country,RUNNING,MENS,Chrome-free Leather,0.79,122.77,72.33,26,TRUE
1323,big,FORMAL,KIDS,Recycled Nylon,0.89,80.88,33.77,20,FALSE
1326,effect,SNEAKER,UNISEX,TENCEL Lyocell,0.98,167.18,76.34,67,FALSE
1329,new,FORMAL,MENS,TENCEL Lyocell,0.97,186.76,28.97,12,FALSE
1332,health,SNEAKER,WOMENS,Recycled Nylon,0.97,139.14,76.71,75,FALSE
1335,industry,SNEAKER,KIDS,Apple Leather,0.64,172.19,29.23,100,TRUE
1338,into,SNEAKER,KIDS,Chrome-free Leather,0.73,247.97,65.67,84,TRUE
1341,either,SANDAL,MENS,Chrome-free Leather,1.53,190.01,55.24,62,TRUE
1344,first,FORMAL,WOMENS,Recycled PET,1.37,221.73,61.75,19,FALSE
1347,thus,SNEAKER,WOMENS,Bio-EVA,1.04,138.97,19.73,63,FALSE
1350,toward,SNEAKER,WOMENS,Apple Leather,0.59,172.41,59.23,76,TRUE
1353,almost,SANDAL,MENS,Recycled PET,1.29,57.53,58.81,46,FALSE
1356,hundred,RUNNING,MENS,Apple Leather,1.42,243.18,46.36,59,TRUE
1359,maybe,RUNNING,WOMENS,Chrome-free Leather,0.43,121.37,30.35,70,TRUE
1362,act,RUNNING,WOMENS,Bio-EVA,0.59,171.4,68.41,54,FALSE
1365,beautiful,FORMAL,MENS,Bio-EVA,0.81,205.7,69.83,16,FALSE
1368,leader,RUNNING,UNISEX,Apple Leather,1.27,53.05,38.96,24,FALSE
1371,glass,SANDAL,WOMENS,Apple Leather,1.13,101.08,6.06,24,FALSE
1374,beyond,RUNNING,WOMENS,Cork,0.78,235.75,45.59,25,FALSE
1377,wide,SANDAL,WOMENS,Bio-EVA,1.08,158.39,88.33,7,FALSE
1380,development,RUNNING,UNISEX,Hemp Canvas,1.06,57.79,20.73,20,TRUE
1383,role,BOOT,MENS,Algae Foam,0.75,43.94,71.47,53,FALSE
1386,may,BOOT,MENS,Organic Cotton,0.64,166.6,33.45,41,FALSE
1389,window,SNEAKER,MENS,Natural Rubber,1.11,102.71,46.38,82,FALSE
1392,wish,RUNNING,MENS,TENCEL Lyocell,1.2,235.94,7.77,13,FALSE
1395,of,RUNNING,WOMENS,TENCEL Lyocell,1.48,102.43,26.27,26,TRUE
1398,alone,BOOT,WOMENS,Chrome-free Leather,0.85,46.8,43.25,59,TRUE
1401,to,SNEAKER,MENS,Recycled Nylon,1.07,186.62,79.2,91,FALSE
1404,despite,RUNNING,WOMENS,TENCEL Lyocell,1.3,142.85,54.23,46,FALSE
1407,soldier,SANDAL,UNISEX,Algae Foam,1.57,205.38,82.47,50,TRUE
1410,tend,RUNNING,MENS,Chrome-free Leather,1.09,196.46,68.78,13,TRUE
1413,ball,SNEAKER,UNISEX,Recycled PET,0.44,64.43,18.57,99,FALSE
1416,organization,SLIPPER,MENS,Chrome-free Leather,0.71,138.46,79.78,96,FALSE
1419,they,SNEAKER,MENS,Chrome-free Leather,1.12,137.55,32.29,70,FALSE
1422,research,SNEAKER,MENS,Hemp Canvas,0.99,228.47,29.34,20,TRUE
1425,glass,BOOT,MENS,Hemp Canvas,1.37,238.09,11.61,21,TRUE
1428,sister,SNEAKER,WOMENS,Apple Leather,0.83,123.28,91.93,17,TRUE
1431,risk,SANDAL,WOMENS,Recycled PET,1.35,62.68,66.59,74,FALSE
1434,month,FORMAL,WOMENS,TENCEL Lyocell,0.97,246.87,7.26,21,TRUE
1437,argue,SNEAKER,MENS,TENCEL Lyocell,1.47,174.67,75.54,20,TRUE
1440,each,RUNNING,WOMENS,Bio-EVA,1.54,146.4,38.61,88,FALSE
1443,grow,SNEAKER,KIDS,Bio-EVA,0.69,79.17,97.23,24,FALSE
1446,positive,SNEAKER,MENS,Recycled Nylon,1.17,82.2,78.99,43,TRUE
1449,staff,FORMAL,KIDS,Cork,1.59,161.55,27.71,72,TRUE
1452,protect,SNEAKER,WOMENS,Hemp Canvas,0.91,47.39,66.03,7,TRUE
1455,little,SANDAL,WOMENS,Recycled Rubber,1.55,58.15,74.05,34,FALSE
1458,heart,SNEAKER,MENS,Cork,1.29,119.74,61.51,48,TRUE
1461,how,SNEAKER,MENS,Natural Rubber,0.82,96.57,71.49,29,TRUE
1464,response,RUNNING,WOMENS,Recycled Nylon,0.71,72.2,21.91,74,FALSE
1467,husband,FORMAL,WOMENS,Recycled Nylon,0.67,104.44,52.05,29,FALSE
1470,present,SNEAKER,UNISEX,Algae Foam,1.33,155.22,36.89,22,TRUE
1473,employee,BOOT,WOMENS,Natural Rubber,0.61,62.07,24.82,81,FALSE
1476,beautiful,SANDAL,MENS,Bio-EVA,1.52,74.05,85.79,16,FALSE
1479,husband,SANDAL,UNISEX,Recycled Rubber,0.76,90.34,1.64,29,FALSE
1482,protect,SNEAKER,WOMENS,TENCEL Lyocell,1.06,47.51,98.14,61,TRUE
1485,improve,RUNNING,MENS,TENCEL Lyocell,1.1,224.54,75.85,55,FALSE
1488,both,RUNNING,WOMENS,Bio-EVA,1.54,79.84,56.93,53,FALSE
1491,yes,BOOT,UNISEX,Chrome-free Leather,1.27,117.14,46.89,33,FALSE
1494,here,RUNNING,MENS,Cork,1.27,123.99,95.21,38,FALSE
1497,blue,SNEAKER,MENS,Apple Leather,0.48,104.93,88.93,55,TRUE
1500,culture,RUNNING,MENS,Recycled Rubber,1.42,60.14,8.23,94,TRUE
1503,onto,SNEAKER,WOMENS,Bio-EVA,0.52,248.23,8.23,5,FALSE
1506,involve,BOOT,WOMENS,Recycled Rubber,1.23,45.73,85.22,85,TRUE
1509,behind,SNEAKER,UNISEX,Organic Cotton,1.6,65.48,72.28,36,FALSE
1512,better,SNEAKER,UNISEX,TENCEL Lyocell,0.87,209.63,46.35,50,FALSE
1515,still,FORMAL,WOMENS,Recycled Rubber,1.55,229.53,72.08,53,TRUE
1518,image,RUNNING,MENS,Apple Leather,0.64,200.64,73.13,5,TRUE
1521,job,RUNNING,MENS,Cork,0.76,175.93,3.87,29,FALSE
1524,become,FORMAL,UNISEX,TENCEL Lyocell,1.35,200.47,66.33,63,FALSE
1527,operation,SNEAKER,UNISEX,Bio-EVA,1.19,180.08,41.56,54,TRUE
1530,owner,SLIPPER,WOMENS,Cork,0.55,199.86,77.95,59,FALSE
1533,reveal,RUNNING,MENS,Hemp Canvas,0.63,247.13,75.73,44,TRUE
1536,chair,SANDAL,MENS,Cork,0.79,116.46,90.0,4,TRUE
1539,executive,BOOT,MENS,TENCEL Lyocell,0.54,209.27,78.61,81,TRUE
1542,at,RUNNING,WOMENS,Recycled PET,1.58,107.83,71.18,17,FALSE
1545,fact,SNEAKER,MENS,Apple Leather,1.44,153.67,90.63,84,TRUE
1548,member,SNEAKER,WOMENS,Apple Leather,1.47,90.99,33.41,23,FALSE
1551,herself,SANDAL,WOMENS,Algae Foam,0.47,83.31,66.69,24,FALSE
1554,employee,BOOT,MENS,TENCEL Lyocell,1.1,242.11,24.88,91,TRUE
1557,mission,BOOT,WOMENS,Chrome-free Leather,1.57,118.53,51.89,35,TRUE
1560,deal,RUNNING,WOMENS,Organic Cotton,0.74,98.52,17.71,98,TRUE
1563,central,RUNNING,WOMENS,Apple Leather,1.01,235.14,10.98,92,TRUE
1566,individual,BOOT,KIDS,Apple Leather,1.15,244.26,0.34,2,TRUE
1569,pressure,RUNNING,MENS,Recycled Rubber,1.47,107.19,85.78,45,TRUE
1572,training,RUNNING,MENS,Natural Rubber,0.66,116.88,3.66,1,FALSE
1575,good,RUNNING,MENS,Hemp Canvas,0.41,215.83,81.71,27,FALSE
1578,than,SNEAKER,UNISEX,Natural Rubber,0.45,76.67,82.73,25,TRUE
1581,phone,SNEAKER,MENS,Algae Foam,1.22,226.51,10.85,97,TRUE
1584,full,SLIPPER,MENS,Algae Foam,1.54,128.23,61.09,56,TRUE
1587,run,FORMAL,WOMENS,Cork,1.49,160.94,73.76,17,TRUE
1590,former,SNEAKER,MENS,Recycled Nylon,0.57,204.91,69.88,11,FALSE
1593,from,SANDAL,WOMENS,Organic Cotton,1.29,172.78,8.11,88,TRUE
1596,run,SNEAKER,WOMENS,Algae Foam,0.58,179.31,54.0,36,TRUE
1599,parent,BOOT,WOMENS,Hemp Canvas,0.73,70.49,37.77,15,TRUE
1602,gas,BOOT,MENS,Chrome-free Leather,1.6,201.2,77.86,67,TRUE
1605,technology,RUNNING,KIDS,Algae Foam,0.85,199.41,52.83,8,TRUE
1608,his,SANDAL,UNISEX,Cork,0.52,240.76,25.18,59,FALSE
1611,organization,SLIPPER,KIDS,Recycled PET,0.5,118.23,41.12,35,FALSE
1614,offer,BOOT,MENS,Chrome-free Leather,0.75,173.21,99.31,37,TRUE
1617,special,SANDAL,UNISEX,Algae Foam,1.13,80.71,59.33,80,FALSE
1620,short,SLIPPER,UNISEX,TENCEL Lyocell,1.26,149.14,0.84,23,TRUE
1623,section,SANDAL,MENS,Recycled PET,1.15,83.88,36.79,44,TRUE
1626,subject,SANDAL,WOMENS,Natural Rubber,1.12,70.06,24.01,35,TRUE
1629,room,SLIPPER,UNISEX,Algae Foam,0.52,195.73,42.65,2,FALSE
1632,thus,SANDAL,WOMENS,Chrome-free Leather,0.46,129.26,55.03,55,FALSE
1635,issue,RUNNING,WOMENS,Recycled Nylon,1.5,193.7,52.86,52,TRUE
1638,chair,SNEAKER,KIDS,Apple Leather,1.1,73.78,75.62,90,FALSE
1641,effort,RUNNING,MENS,Chrome-free Leather,1.54,91.12,33.04,13,TRUE
1644,class,FORMAL,MENS,Hemp Canvas,1.59,138.33,39.8,15,TRUE
1647,strategy,FORMAL,UNISEX,Recycled Nylon,1.58,212.88,89.73,52,FALSE
1650,list,RUNNING,MENS,Apple Leather,0.66,156.98,80.87,12,FALSE
1653,pass,FORMAL,UNISEX,TENCEL Lyocell,0.6,196.99,0.1,85,FALSE
1656,move,SNEAKER,MENS,Recycled Rubber,0.74,100.54,60.65,94,TRUE
1659,true,RUNNING,WOMENS,Apple Leather,1.46,191.46,76.3,52,FALSE
1662,of,RUNNING,MENS,Recycled PET,0.63,81.56,23.21,16,FALSE
1665,here,SNEAKER,UNISEX,Natural Rubber,1.02,179.62,13.24,63,FALSE
1668,task,SANDAL,MENS,Bio-EVA,0.46,133.87,68.2,13,TRUE
1671,pull,SNEAKER,KIDS,Cork,1.09,110.43,82.97,100,FALSE
1674,boy,SANDAL,MENS,Hemp Canvas,0.91,181.96,99.45,58,TRUE
1677,really,SNEAKER,MENS,Recycled Nylon,0.84,202.23,53.91,57,FALSE
1680,compare,SNEAKER,MENS,Recycled Rubber,0.75,153.81,1.62,20,TRUE
1683,another,SANDAL,MENS,Recycled Rubber,1.18,98.55,45.19,69,FALSE
1686,research,RUNNING,WOMENS,Recycled Rubber,1.26,178.38,46.14,78,FALSE
1689,soldier,SNEAKER,MENS,Hemp Canvas,1.35,116.42,69.55,3,FALSE
1692,law,RUNNING,MENS,Chrome-free Leather,0.57,212.56,61.14,23,FALSE
1695,billion,FORMAL,WOMENS,TENCEL Lyocell,1.27,234.75,17.79,43,TRUE
1698,Mrs,BOOT,MENS,Apple Leather,1.54,156.32,1.56,41,FALSE
1701,open,SANDAL,MENS,Bio-EVA,0.45,215.1,21.02,39,TRUE
1704,parent,SLIPPER,WOMENS,Recycled Nylon,1.24,174.1,10.91,98,FALSE
1707,house,RUNNING,UNISEX,Chrome-free Leather,0.6,67.74,33.09,99,TRUE
1710,sport,RUNNING,MENS,Apple Leather,1.36,105.64,71.27,78,TRUE
1713,rock,SNEAKER,KIDS,Organic Cotton,1.45,224.45,82.71,41,FALSE
1716,hair,RUNNING,MENS,Recycled Nylon,1.59,85.64,44.9,81,FALSE
1719,book,SANDAL,UNISEX,Natural Rubber,0.48,81.04,14.32,82,TRUE
1722,wife,RUNNING,UNISEX,Recycled Nylon,0.98,106.38,74.68,46,FALSE
1725,theory,FORMAL,MENS,Apple Leather,1.17,75.87,45.72,27,TRUE
1728,change,SANDAL,MENS,Recycled Rubber,1.17,88.62,55.07,30,FALSE
1731,gun,RUNNING,WOMENS,Recycled PET,0.8,220.74,57.76,99,TRUE
1734,design,SANDAL,WOMENS,Hemp Canvas,1.38,68.04,95.12,66,TRUE
1737,happen,RUNNING,MENS,Algae Foam,0.82,83.22,74.0,90,FALSE
1740,left,FORMAL,MENS,Organic Cotton,0.48,214.39,16.3,26,FALSE
1743,local,BOOT,WOMENS,Recycled PET,0.9,137.72,21.04,75,TRUE
1746,first,BOOT,WOMENS,Chrome-free Leather,0.53,230.79,4.19,79,FALSE
1749,see,RUNNING,UNISEX,TENCEL Lyocell,1.33,60.76,76.44,36,TRUE
1752,time,RUNNING,KIDS,Hemp Canvas,1.41,52.86,74.21,83,TRUE
1755,boy,RUNNING,KIDS,Natural Rubber,0.43,236.72,88.81,99,TRUE
1758,community,SNEAKER,WOMENS,Bio-EVA,1.18,228.24,34.24,33,FALSE
1761,either,RUNNING,UNISEX,Recycled Rubber,0.85,162.93,77.84,44,TRUE
1764,old,FORMAL,UNISEX,Algae Foam,0.52,122.71,76.34,11,TRUE
1767,opportunity,SNEAKER,WOMENS,Hemp Canvas,0.8,242.44,81.3,36,TRUE
1770,each,SNEAKER,WOMENS,Recycled PET,0.64,179.92,87.22,25,FALSE
1773,professional,SNEAKER,MENS,Organic Cotton,1.56,170.64,2.49,8,FALSE
1776,push,SNEAKER,WOMENS,Natural Rubber,1.6,52.81,78.45,5,TRUE
1779,individual,RUNNING,MENS,Bio-EVA,0.89,119.22,9.96,27,TRUE
1782,positive,SNEAKER,MENS,Recycled Nylon,0.6,129.47,98.8,84,TRUE
1785,listen,SANDAL,WOMENS,Hemp Canvas,1.3,159.03,59.55,99,FALSE
1788,improve,RUNNING,WOMENS,TENCEL Lyocell,0.94,223.84,35.61,65,FALSE
1791,difficult,SNEAKER,MENS,Organic Cotton,1.18,56.65,15.78,63,FALSE
1794,soldier,SANDAL,WOMENS,TENCEL Lyocell,1.35,127.94,35.46,5,TRUE
1797,style,SNEAKER,WOMENS,Recycled Rubber,0.91,173.33,83.51,48,TRUE
1800,blue,RUNNING,MENS,Organic Cotton,1.0,159.51,78.93,28,TRUE
1803,not,SNEAKER,KIDS,Organic Cotton,1.48,247.79,24.83,84,FALSE
1806,gas,RUNNING,UNISEX,Recycled PET,0.6,229.35,27.84,38,TRUE
1809,build,RUNNING,MENS,Recycled Rubber,1.09,153.79,4.18,69,FALSE
1812,travel,RUNNING,MENS,Algae Foam,1.37,91.28,97.53,50,FALSE
1815,purpose,SANDAL,UNISEX,Apple Leather,0.7,234.04,88.92,5,TRUE
1818,important,RUNNING,WOMENS,Cork,0.46,163.76,65.13,38,FALSE
1821,people,SNEAKER,UNISEX,Bio-EVA,0.91,115.48,75.63,43,FALSE
1824,he,BOOT,UNISEX,Chrome-free Leather,0.75,61.76,63.26,77,FALSE
1827,prepare,SANDAL,MENS,Chrome-free Leather,0.52,76.14,70.91,12,TRUE
1830,report,SNEAKER,UNISEX,Natural Rubber,1.11,236.77,44.41,100,FALSE
1833,finish,RUNNING,MENS,Hemp Canvas,1.28,220.94,53.23,59,FALSE
1836,performance,BOOT,MENS,Bio-EVA,0.84,175.96,33.85,18,FALSE
1839,center,FORMAL,MENS,Natural Rubber,1.2,174.46,67.85,21,TRUE
1842,edge,SANDAL,WOMENS,Chrome-free Leather,1.59,244.56,32.5,69,FALSE
1845,cover,RUNNING,WOMENS,Bio-EVA,1.5,239.66,26.17,54,TRUE
1848,chance,SNEAKER,MENS,Apple Leather,1.01,92.65,53.89,49,FALSE
1851,kid,SNEAKER,WOMENS,TENCEL Lyocell,1.43,246.16,54.04,48,FALSE
1854,paper,SNEAKER,UNISEX,Natural Rubber,0.61,221.06,92.42,91,FALSE
1857,cultural,FORMAL,KIDS,Hemp Canvas,1.26,64.56,54.77,37,TRUE
1860,note,BOOT,WOMENS,Bio-EVA,0.89,245.31,31.64,86,FALSE
1863,quite,BOOT,MENS,Apple Leather,1.2,127.64,9.2,1,FALSE
1866,one,RUNNING,MENS,Recycled PET,1.33,198.64,42.99,70,TRUE
1869,fight,BOOT,MENS,Recycled Rubber,0.84,116.91,59.14,23,TRUE
1872,forward,RUNNING,WOMENS,Recycled Nylon,1.31,244.88,57.16,17,FALSE
1875,president,BOOT,WOMENS,Organic Cotton,1.26,123.59,13.78,34,TRUE
1878,her,SANDAL,WOMENS,Recycled Nylon,0.57,216.36,36.72,0,FALSE
1881,century,BOOT,WOMENS,Hemp Canvas,1.35,40.06,8.9,66,FALSE
1884,if,BOOT,MENS,Apple Leather,0.51,159.62,97.47,78,TRUE
1887,read,RUNNING,UNISEX,Recycled Rubber,1.22,39.97,48.39,89,FALSE
1890,reveal,BOOT,WOMENS,Cork,0.54,214.63,8.81,79,FALSE
1893,see,SNEAKER,UNISEX,Natural Rubber,1.46,205.04,35.99,32,FALSE
1896,middle,FORMAL,MENS,Algae Foam,1.56,105.76,22.79,80,FALSE
1899,other,SANDAL,MENS,Algae Foam,0.8,199.79,10.71,63,FALSE
1902,sort,BOOT,WOMENS,Hemp Canvas,0.6,44.0,71.71,47,FALSE
1905,alone,RUNNING,UNISEX,Apple Leather,0.49,62.31,21.46,92,FALSE
1908,note,BOOT,KIDS,Hemp Canvas,1.11,115.89,2.81,29,FALSE
1911,statement,RUNNING,MENS,TENCEL Lyocell,0.48,152.98,62.69,12,FALSE
1914,situation,BOOT,MENS,Recycled Rubber,0.88,128.98,91.4,70,TRUE
1917,mission,SLIPPER,MENS,Natural Rubber,0.4,142.06,37.7,20,TRUE
1920,budget,BOOT,UNISEX,Natural Rubber,0.67,108.52,9.52,1,FALSE
1923,executive,RUNNING,WOMENS,Organic Cotton,1.51,98.13,67.83,58,TRUE
1926,than,SANDAL,WOMENS,Recycled PET,1.23,135.09,35.37,23,TRUE
1929,test,SANDAL,MENS,Natural Rubber,0.82,230.18,78.57,66,FALSE
1932,soon,SNEAKER,MENS,Chrome-free Leather,1.02,187.85,75.04,98,TRUE
1935,office,BOOT,KIDS,Organic Cotton,1.27,139.12,0.12,22,FALSE
1938,blue,SNEAKER,KIDS,Apple Leather,1.09,188.21,70.11,86,TRUE
1941,ready,SANDAL,WOMENS,TENCEL Lyocell,0.56,58.64,33.55,6,TRUE
1944,finish,SLIPPER,WOMENS,Hemp Canvas,1.38,244.44,7.4,38,TRUE
1947,listen,SANDAL,WOMENS,Organic Cotton,0.98,144.23,36.69,71,FALSE
1950,training,SANDAL,UNISEX,Bio-EVA,0.44,241.72,39.15,25,FALSE
1953,leg,SANDAL,MENS,Apple Leather,1.29,236.58,55.48,41,TRUE
1956,stand,SANDAL,WOMENS,Recycled Rubber,1.22,94.37,20.1,43,FALSE
1959,determine,SNEAKER,UNISEX,Recycled Nylon,1.03,124.19,37.39,92,TRUE
1962,per,RUNNING,WOMENS,Chrome-free Leather,0.97,219.02,39.3,93,FALSE
1965,traditional,SANDAL,WOMENS,Chrome-free Leather,0.57,204.17,37.12,48,TRUE
1968,project,SLIPPER,MENS,Recycled Rubber,0.7,227.42,94.1,14,TRUE
1971,power,SANDAL,KIDS,Organic Cotton,0.54,116.36,54.9,11,FALSE
1974,design,SNEAKER,KIDS,Recycled Nylon,1.52,181.11,69.15,52,FALSE
1977,support,RUNNING,WOMENS,Cork,1.04,44.16,93.61,41,FALSE
1980,have,BOOT,WOMENS,Apple Leather,1.32,150.11,62.75,11,TRUE
1983,picture,SNEAKER,MENS,Recycled Rubber,1.39,219.56,68.29,30,TRUE
1986,game,SNEAKER,MENS,Organic Cotton,0.82,46.3,39.71,6,FALSE
1989,figure,SLIPPER,MENS,Recycled Rubber,0.62,57.82,85.9,85,FALSE
1992,toward,SNEAKER,MENS,Recycled PET,0.53,166.56,25.38,19,TRUE
1995,respond,SNEAKER,MENS,TENCEL Lyocell,1.16,190.63,86.45,31,TRUE
1998,central,BOOT,WOMENS,Chrome-free Leather,0.88,51.04,78.45,84,TRUE
2001,its,SNEAKER,WOMENS,TENCEL Lyocell,1.21,108.29,27.16,72,FALSE
2004,factor,BOOT,MENS,Organic Cotton,1.27,57.86,30.75,25,FALSE
2007,card,SNEAKER,MENS,Chrome-free Leather,1.32,135.68,33.91,73,FALSE
2010,cause,SNEAKER,MENS,Hemp Canvas,1.09,109.32,23.32,18,TRUE
2013,seek,RUNNING,MENS,TENCEL Lyocell,1.0,101.53,44.78,57,FALSE
2016,end,SLIPPER,MENS,Recycled Rubber,1.56,131.69,10.99,81,FALSE
2019,require,SNEAKER,WOMENS,Bio-EVA,1.03,217.49,84.05,97,TRUE
2022,change,RUNNING,KIDS,Recycled Rubber,1.3,89.92,70.57,33,TRUE
2025,exist,FORMAL,KIDS,Hemp Canvas,1.04,200.81,52.24,34,TRUE
2028,how,RUNNING,WOMENS,TENCEL Lyocell,0.56,202.33,3.73,1,TRUE
2031,property,RUNNING,WOMENS,Hemp Canvas,0.87,108.46,33.74,86,FALSE
2034,specific,BOOT,WOMENS,Natural Rubber,1.47,79.0,40.74,85,FALSE
2037,myself,RUNNING,WOMENS,Algae Foam,1.48,238.4,31.38,90,FALSE
2040,run,SNEAKER,WOMENS,TENCEL Lyocell,1.4,237.92,16.34,71,FALSE
2043,home,SLIPPER,WOMENS,Recycled Nylon,0.68,85.09,25.36,59,TRUE
2046,generation,BOOT,WOMENS,Recycled PET,1.48,230.15,73.47,71,FALSE
2049,trouble,RUNNING,WOMENS,Organic Cotton,1.36,100.46,88.11,7,TRUE
2052,significant,SNEAKER,WOMENS,Chrome-free Leather,1.17,86.75,87.24,56,TRUE
2055,low,SNEAKER,WOMENS,Natural Rubber,0.63,159.41,94.05,23,TRUE
2058,save,SNEAKER,UNISEX,Bio-EVA,0.44,171.15,22.55,19,TRUE
2061,at,SNEAKER,WOMENS,Bio-EVA,0.57,117.89,37.69,41,FALSE
2064,information,RUNNING,MENS,Algae Foam,0.8,95.9,2.08,21,TRUE
2067,thank,FORMAL,UNISEX,Chrome-free Leather,0.72,133.99,49.8,40,FALSE
2070,executive,FORMAL,KIDS,TENCEL Lyocell,0.66,70.84,31.77,96,FALSE
2073,federal,SNEAKER,MENS,Chrome-free Leather,0.63,191.01,22.3,68,FALSE
2076,participant,SNEAKER,MENS,Organic Cotton,0.92,126.6,49.95,51,TRUE
2079,together,RUNNING,MENS,Cork,1.4,148.36,77.59,49,FALSE
2082,gun,RUNNING,WOMENS,Bio-EVA,1.13,150.7,79.58,14,TRUE
2085,sound,BOOT,MENS,Natural Rubber,1.28,43.18,21.93,55,TRUE
2088,bit,FORMAL,UNISEX,Algae Foam,0.4,113.61,68.91,53,FALSE
2091,think,RUNNING,UNISEX,Hemp Canvas,1.46,81.81,81.46,52,FALSE
2094,capital,BOOT,UNISEX,Natural Rubber,0.67,166.84,9.91,69,FALSE
2097,coach,SNEAKER,UNISEX,Hemp Canvas,1.39,74.08,63.48,68,FALSE
2100,a,SNEAKER,MENS,Natural Rubber,1.21,247.04,82.19,19,FALSE
2103,risk,SNEAKER,WOMENS,Cork,1.16,199.44,73.82,17,FALSE
2106,us,RUNNING,MENS,Hemp Canvas,1.42,98.69,27.58,65,TRUE
2109,cold,SNEAKER,WOMENS,Recycled PET,1.13,178.21,51.48,50,FALSE
2112,under,SNEAKER,WOMENS,Algae Foam,1.05,155.66,87.49,5,TRUE
2115,real,SNEAKER,WOMENS,Hemp Canvas,1.26,198.55,40.33,75,FALSE
2118,beautiful,SNEAKER,UNISEX,Recycled Nylon,1.49,176.26,53.08,20,TRUE
2121,well,BOOT,KIDS,Algae Foam,1.51,210.89,37.42,38,FALSE
2124,area,BOOT,MENS,Cork,0.44,143.77,48.04,49,TRUE
2127,focus,SANDAL,UNISEX,Recycled PET,1.29,121.82,65.84,11,FALSE
2130,someone,BOOT,WOMENS,Recycled Rubber,0.77,182.07,34.63,91,FALSE
2133,reality,SNEAKER,MENS,Natural Rubber,1.33,101.49,87.38,93,FALSE
2136,beyond,SNEAKER,WOMENS,Recycled PET,1.35,183.56,23.96,82,FALSE
2139,me,RUNNING,WOMENS,Hemp Canvas,0.89,213.66,21.27,41,FALSE
2142,personal,RUNNING,KIDS,Apple Leather,0.67,209.86,13.66,77,FALSE
2145,response,SNEAKER,KIDS,Hemp Canvas,0.6,186.9,54.03,52,FALSE
2148,across,RUNNING,UNISEX,Cork,1.16,158.91,75.42,16,FALSE
2151,technology,FORMAL,MENS,Recycled PET,0.42,107.91,58.06,38,FALSE
2154,knowledge,RUNNING,MENS,Algae Foam,1.33,160.41,60.98,62,FALSE
2157,mean,RUNNING,MENS,Cork,0.91,82.62,82.31,47,TRUE
2160,identify,BOOT,WOMENS,Apple Leather,1.04,218.09,98.48,39,TRUE
2163,sure,RUNNING,MENS,Recycled Nylon,1.52,205.97,53.09,26,TRUE
2166,form,RUNNING,MENS,Apple Leather,0.94,90.73,65.07,49,FALSE
2169,firm,FORMAL,MENS,Cork,1.32,118.42,0.47,31,TRUE
2172,staff,RUNNING,WOMENS,Apple Leather,1.56,46.87,66.93,69,TRUE
2175,two,FORMAL,MENS,Algae Foam,0.45,143.01,26.01,96,FALSE
2178,research,SNEAKER,UNISEX,Bio-EVA,1.3,134.27,84.59,15,TRUE
2181,nice,SANDAL,UNISEX,Algae Foam,0.65,137.68,65.19,45,FALSE
2184,poor,SLIPPER,WOMENS,Organic Cotton,0.56,94.55,16.69,5,FALSE
2187,less,SANDAL,WOMENS,Natural Rubber,0.72,248.54,24.02,70,FALSE
2190,different,BOOT,WOMENS,Natural Rubber,0.49,143.16,29.85,18,TRUE
2193,civil,RUNNING,MENS,Recycled Rubber,0.47,234.29,77.9,4,FALSE
2196,power,RUNNING,UNISEX,Apple Leather,0.43,135.89,61.53,11,TRUE
2199,trade,FORMAL,UNISEX,Hemp Canvas,1.35,248.75,11.1,21,FALSE
2202,watch,SNEAKER,WOMENS,Recycled Nylon,0.72,56.28,95.43,85,FALSE
2205,soldier,RUNNING,UNISEX,Hemp Canvas,0.43,242.84,13.39,44,FALSE
2208,show,SANDAL,UNISEX,Recycled Nylon,0.71,155.76,79.12,65,FALSE
2211,laugh,SNEAKER,UNISEX,Organic Cotton,0.92,48.16,40.37,94,FALSE
2214,challenge,SNEAKER,MENS,Algae Foam,0.78,129.66,14.8,1,TRUE
2217,quite,SANDAL,KIDS,Cork,1.11,167.56,0.34,66,FALSE
2220,on,BOOT,KIDS,Algae Foam,0.95,189.44,4.47,1,FALSE
2223,set,BOOT,WOMENS,Organic Cotton,0.52,214.36,95.31,10,FALSE
2226,start,RUNNING,WOMENS,Natural Rubber,0.9,45.29,32.17,73,FALSE
2229,agreement,SNEAKER,WOMENS,Natural Rubber,0.94,232.71,28.9,0,TRUE
2232,reason,RUNNING,WOMENS,Organic Cotton,1.14,247.42,56.0,17,FALSE
2235,describe,SNEAKER,MENS,Recycled PET,0.55,89.88,14.33,11,TRUE
2238,Mr,RUNNING,WOMENS,Apple Leather,1.33,192.41,97.36,33,TRUE
2241,including,SANDAL,KIDS,Apple Leather,0.77,216.52,25.95,44,FALSE
2244,arm,RUNNING,WOMENS,Hemp Canvas,0.88,71.05,13.0,9,FALSE
2247,student,SLIPPER,WOMENS,Algae Foam,1.0,140.51,30.13,18,TRUE
2250,imagine,SNEAKER,WOMENS,TENCEL Lyocell,0.42,122.93,69.1,36,FALSE
2253,money,FORMAL,MENS,Natural Rubber,0.48,147.53,58.67,53,FALSE
2256,avoid,SNEAKER,MENS,Recycled PET,1.13,238.72,42.39,30,TRUE
2259,actually,SNEAKER,KIDS,Natural Rubber,1.5,138.72,11.68,13,FALSE
2262,free,SLIPPER,MENS,Bio-EVA,1.1,98.83,97.82,59,FALSE
2265,traditional,SNEAKER,WOMENS,Cork,1.31,189.16,46.79,53,TRUE
2268,kitchen,SANDAL,WOMENS,Recycled Nylon,1.07,61.27,90.29,23,FALSE
2271,result,SNEAKER,UNISEX,Chrome-free Leather,0.45,247.6,60.25,97,TRUE
2274,market,FORMAL,WOMENS,Recycled PET,0.54,124.38,29.82,18,TRUE
2277,adult,BOOT,WOMENS,Recycled Nylon,1.0,85.28,1.02,13,FALSE
2280,address,SNEAKER,MENS,Apple Leather,1.44,87.86,55.0,11,TRUE
2283,among,SANDAL,UNISEX,Organic Cotton,1.32,229.22,90.76,42,FALSE
2286,strategy,SANDAL,MENS,Hemp Canvas,1.59,201.06,42.29,59,TRUE
2289,few,SNEAKER,WOMENS,Apple Leather,1.04,202.03,88.87,37,FALSE
2292,more,RUNNING,WOMENS,Chrome-free Leather,0.7,41.16,65.27,48,FALSE
2295,land,RUNNING,WOMENS,Recycled Nylon,1.23,206.44,51.7,66,FALSE
2298,beautiful,FORMAL,MENS,Cork,1.54,202.07,31.43,87,FALSE
2301,note,SNEAKER,WOMENS,Chrome-free Leather,1.4,134.64,20.62,7,FALSE
2304,fall,RUNNING,WOMENS,Bio-EVA,1.06,160.2,23.27,47,TRUE
2307,bar,RUNNING,MENS,Recycled PET,0.91,44.31,7.15,59,FALSE
2310,Democrat,FORMAL,MENS,Natural Rubber,0.54,208.75,15.99,35,FALSE
2313,not,BOOT,UNISEX,Natural Rubber,0.95,72.18,75.81,23,FALSE
2316,peace,SNEAKER,MENS,Chrome-free Leather,0.65,141.74,62.34,80,FALSE
2319,they,SANDAL,WOMENS,Recycled PET,0.62,55.33,37.14,38,FALSE
2322,question,SANDAL,WOMENS,Apple Leather,0.54,224.79,22.62,43,TRUE
2325,say,SNEAKER,MENS,Recycled PET,1.04,111.83,74.66,68,FALSE
2328,throughout,SNEAKER,MENS,Natural Rubber,0.98,103.89,37.17,20,TRUE
2331,election,SANDAL,WOMENS,Cork,1.54,138.43,15.11,65,FALSE
2334,leader,SNEAKER,WOMENS,Organic Cotton,0.53,113.3,23.03,42,TRUE
2337,population,RUNNING,UNISEX,Recycled Nylon,0.58,58.62,54.53,90,FALSE
2340,for,SANDAL,MENS,Apple Leather,0.92,59.01,87.26,7,TRUE
2343,really,SANDAL,MENS,Chrome-free Leather,0.61,194.33,26.61,61,TRUE
2346,call,RUNNING,UNISEX,Apple Leather,0.89,197.96,98.89,57,TRUE
2349,certain,RUNNING,WOMENS,Hemp Canvas,0.45,125.08,0.02,43,FALSE
2352,common,SNEAKER,WOMENS,Recycled Nylon,0.51,238.42,22.22,0,FALSE
2355,necessary,SANDAL,MENS,Chrome-free Leather,0.42,107.37,46.3,25,TRUE
2358,test,SNEAKER,WOMENS,Chrome-free Leather,1.48,99.42,91.54,25,TRUE
2361,compare,SANDAL,MENS,Recycled Nylon,0.52,154.6,1.98,11,FALSE
2364,so,SANDAL,MENS,Chrome-free Leather,0.71,158.76,99.74,21,TRUE
2367,exist,SNEAKER,UNISEX,Recycled Rubber,0.78,194.8,26.79,11,TRUE
2370,buy,RUNNING,KIDS,Algae Foam,0.73,134.98,39.62,48,TRUE
2373,all,FORMAL,WOMENS,Chrome-free Leather,1.02,166.88,3.36,7,TRUE
2376,laugh,FORMAL,WOMENS,Natural Rubber,0.72,128.21,50.92,27,TRUE
2379,attack,BOOT,UNISEX,Cork,1.18,129.49,21.8,97,TRUE
2382,part,SANDAL,MENS,Recycled Nylon,1.41,172.73,57.1,17,FALSE
2385,model,BOOT,KIDS,Recycled Nylon,0.42,79.25,80.96,74,TRUE
2388,here,FORMAL,WOMENS,Cork,1.4,167.26,17.16,75,TRUE
2391,town,BOOT,MENS,Recycled PET,0.86,76.72,61.69,68,TRUE
2394,hold,SANDAL,WOMENS,Cork,1.43,40.17,63.4,82,TRUE
2397,spring,RUNNING,WOMENS,Cork,0.46,138.95,93.69,19,TRUE
2400,painting,FORMAL,WOMENS,Bio-EVA,1.03,196.98,3.02,2,TRUE
